a_id,a_cluster,a_source,a_published,a_title,b_id,b_cluster,b_source,b_published,b_title,distance
7435,7586,arXiv · cs.LG,2026-04-21 04:00:00+00,基准测试系统动力学 AI 助手：云端与本地 LLM 在 CLD 提取和讨论上的对比,8372,8253,arXiv · cs.LG,2026-04-22 04:00:00+00,基准评测系统动力学 AI 助手：云端与本地 LLM 在 CLD 提取和讨论任务上的表现,0.0174
7207,6927,arXiv · cs.LG,2026-04-21 04:00:00+00,用学习型安全过滤器与自适应保形推断实现安全控制,7906,7727,HuggingFace Papers (takara mirror),2026-04-20 16:34:49+00,用学习型安全过滤器与自适应保形推断实现安全控制,0.0186
8703,8500,arXiv · cs.LG,2026-04-23 04:00:00+00,MGDA-Decoupled：面向 DPO 式 LLM 对齐的几何感知多目标优化,9420,9233,HuggingFace Papers (takara mirror),2026-04-22 15:33:45+00,MGDA-Decoupled：用于 DPO 式 LLM 对齐的几何感知多目标优化,0.0190
7253,7191,arXiv · cs.LG,2026-04-21 04:00:00+00,面向 HVAC 系统的可扩展物理约束神经微分方程与数据驱动算法,9390,9201,arXiv · cs.LG,2026-04-24 04:00:00+00,面向 HVAC 系统的可扩展物理约束神经微分方程与数据驱动算法,0.0192
6787,6596,arXiv · cs.LG,2026-04-20 04:00:00+00,OXtal：用于有机晶体结构预测的全原子扩散模型,7517,7291,arXiv · cs.LG,2026-04-21 04:00:00+00,OXtal：用于有机晶体结构预测的全原子扩散模型,0.0192
7324,7205,arXiv · cs.LG,2026-04-21 04:00:00+00,Q-SINDy：用量子核做非线性动力学稀疏识别，并证明可去偏系数,8909,8622,arXiv · cs.LG,2026-04-23 04:00:00+00,Q-SINDy：用量子核做非线性动力学稀疏识别，并可证明消除系数偏差,0.0199
8889,8619,arXiv · cs.LG,2026-04-23 04:00:00+00,Spira：利用体素数据结构特性提升点云网络稀疏卷积效率,9396,9251,arXiv · cs.LG,2026-04-24 04:00:00+00,Spira：利用体素数据结构特性提升点云网络稀疏卷积效率,0.0202
6613,6520,arXiv · cs.CL,2026-04-17 17:01:24+00,用梯度指纹检测并抑制奖励黑客,6642,6783,arXiv · cs.LG,2026-04-20 04:00:00+00,用梯度指纹检测并抑制奖励黑客行为,0.0203
3374,3440,HuggingFace Papers (takara mirror),2026-04-15 11:05:46+00,COVID-19 文献混合检索：比较 Rank Fusion、Projection Fusion 与多样性重排,4110,3332,arXiv · cs.CL,2026-04-15 11:05:46+00,COVID-19 文献混合检索：比较秩融合、投影融合与多样性重排,0.0219
8280,8118,arXiv · cs.LG,2026-04-22 04:00:00+00,Semantic Interaction Information 在潜空间中介组合泛化,8853,8708,arXiv · cs.LG,2026-04-23 04:00:00+00,语义交互信息在潜空间中介导组合泛化,0.0219
8099,8328,arXiv · cs.LG,2026-04-22 04:00:00+00,FASE：面向预测性警务的公平性感知时空事件图框架,8735,8895,arXiv · cs.LG,2026-04-23 04:00:00+00,FASE：面向预测性警务的公平性感知时空事件图框架,0.0221
8757,8596,arXiv · cs.LG,2026-04-23 04:00:00+00,WildFireVQA：面向航拍野火监测的大规模辐射热 VQA 基准,9440,9356,HuggingFace Papers (takara mirror),2026-04-22 05:11:02+00,WildFireVQA：面向空中野火监测的大规模辐射热 VQA 基准,0.0225
6237,3845,QbitAI (量子位) · WeChat,2026-04-09 04:06:00+00,一年一度最值得关注的 AI 榜单启动申报，截止 4 月 27 日,6281,3957,QbitAI (量子位) · WeChat,2026-04-08 04:00:00+00,年度 AI 榜单申报启动，4月27日截止,0.0238
8672,8429,arXiv · cs.LG,2026-04-23 04:00:00+00,用于锂离子电池热失控主动预测的物理增强深度学习,9430,9235,HuggingFace Papers (takara mirror),2026-04-22 04:34:39+00,用于锂离子电池热失控主动预测的物理增强深度学习,0.0239
8165,7971,arXiv · cs.LG,2026-04-22 04:00:00+00,ZC-Swish：为边缘与微批场景稳定无 BN 深层网络,8934,8779,HuggingFace Papers (takara mirror),2026-04-21 13:32:57+00,ZC-Swish：稳定用于边缘与微批场景的无 BN 深层网络,0.0241
8760,8564,arXiv · cs.LG,2026-04-23 04:00:00+00,RADS：基于强化学习的样本选择改进低资源、类不平衡临床场景中的迁移学习,9427,9291,HuggingFace Papers (takara mirror),2026-04-22 07:05:25+00,RADS：基于强化学习的样本选择提升低资源与失衡临床场景迁移学习,0.0241
7642,7483,arXiv · cs.LG,2026-04-21 04:00:00+00,Flow-Opt：用流匹配与可微优化做可扩展的集中式多机器人轨迹优化,8328,8070,arXiv · cs.LG,2026-04-22 04:00:00+00,Flow-Opt：用流匹配与可微优化扩展集中式多机器人轨迹优化,0.0242
8071,8029,arXiv · cs.AI,2026-04-21 17:48:27+00,Adaptive MSD-Splitting：改进 C4.5 与随机森林对偏态连续属性的处理,8914,8568,HuggingFace Papers (takara mirror),2026-04-21 17:48:27+00,Adaptive MSD-Splitting：改进 C4.5 与随机森林对偏态连续特征的处理,0.0248
4289,3447,arXiv · cs.CL,2026-04-13 14:18:58+00,DuET：用生成代码与伪代码双执行做测试输出预测,7787,7779,HuggingFace Papers (takara mirror),2026-04-13 14:18:58+00,DuET：用生成代码与伪代码双执行做测试输出预测,0.0251
6581,6668,arXiv · cs.LG,2026-04-20 04:00:00+00,JumpLoRA：用于大语言模型持续学习的稀疏适配器,8286,8211,arXiv · cs.LG,2026-04-22 04:00:00+00,JumpLoRA：用于大语言模型持续学习的稀疏适配器,0.0252
7671,7643,arXiv · cs.LG,2026-04-21 04:00:00+00,LLM 会编码推理 token 的功能重要性吗？,8341,8097,arXiv · cs.LG,2026-04-22 04:00:00+00,LLM 会编码推理 token 的功能重要性吗？,0.0256
7411,7227,arXiv · cs.LG,2026-04-21 04:00:00+00,DiffuSAM：用扩散引导实现遥感图像零样本目标定位,7863,7679,HuggingFace Papers (takara mirror),2026-04-20 12:50:26+00,DiffuSAM：面向遥感图像的扩散引导零样本目标定位,0.0276
7429,7233,arXiv · cs.LG,2026-04-21 04:00:00+00,通过 DeepONet 学习时变 LQR 的 Riccati 解算子,8370,8129,arXiv · cs.LG,2026-04-22 04:00:00+00,通过 Deep Operator Networks 学习时变 LQR 的 Riccati 解算子,0.0276
8834,8795,arXiv · cs.LG,2026-04-23 04:00:00+00,分析 SHAP 解释以理解异常检测算法行为及其互补性,9410,9290,arXiv · cs.LG,2026-04-24 04:00:00+00,分析 Shapley Additive Explanations 以理解异常检测算法行为及其互补性,0.0278
7273,7194,arXiv · cs.LG,2026-04-21 04:00:00+00,用于医疗系统级虚拟患者表征的多模态时序基础模型,8860,8683,arXiv · cs.LG,2026-04-23 04:00:00+00,用于医疗系统规模虚拟患者表征的多模态时序基础模型,0.0278
2302,395,Bloomberg Technology,2026-04-16 21:32:04+00,马斯克要求供应商以“光速”推进 Terafab 计划,2314,413,Bloomberg Technology,2026-04-16 20:03:34+00,马斯克要求供应商以“光速”推进 Terafab 计划,0.0280
9170,9009,arXiv · cs.AI,2026-04-23 17:40:45+00,TingIS：在企业规模噪声客户事件中实时发现风险事件,9357,9285,arXiv · cs.LG,2026-04-24 04:00:00+00,TingIS：在企业规模噪声客户事件中实时发现风险事件,0.0281
6840,6630,arXiv · cs.LG,2026-04-20 04:00:00+00,用于数值推理的三元后缀分词方案,8362,8149,arXiv · cs.LG,2026-04-22 04:00:00+00,用于数值推理的三元后缀分词方案,0.0284
3474,3397,arXiv · cs.CL,2026-04-16 12:18:27+00,IE 作为缓存：信息抽取增强的 Agentic Reasoning,7785,7526,HuggingFace Papers (takara mirror),2026-04-16 12:18:27+00,IE 作为缓存：信息抽取增强 Agent 推理,0.0293
6217,3710,QbitAI (量子位) · WeChat,2026-04-10 04:05:00+00,年度 AI 榜单申报启动，4月27日截止,6237,3845,QbitAI (量子位) · WeChat,2026-04-09 04:06:00+00,一年一度最值得关注的 AI 榜单启动申报，截止 4 月 27 日,0.0294
4304,3610,arXiv · cs.CL,2026-04-13 11:12:30+00,Salami Slicing 威胁：利用 LLM 系统中的累积风险,6553,6545,HuggingFace Papers (takara mirror),2026-04-13 11:12:30+00,Salami Slicing 威胁：利用 LLM 系统中的累积风险,0.0297
4172,3311,arXiv · cs.CL,2026-04-14 13:36:18+00,InsightFlow：用 LLM 将心理健康患者叙事合成为因果模型,6868,6665,HuggingFace Papers (takara mirror),2026-04-14 13:36:18+00,InsightFlow：用 LLM 将心理健康患者叙述合成为因果模型,0.0297
4242,3662,arXiv · cs.CL,2026-04-13 20:39:43+00,面向金融问答 RAG 的 PDF 解析与切块实证评估,6855,6714,HuggingFace Papers (takara mirror),2026-04-13 20:39:43+00,面向金融问答 RAG 的 PDF 解析与切块实证评估,0.0298
4209,3931,arXiv · cs.CL,2026-04-14 04:31:45+00,CodeSpecBench：评测 LLM 生成可执行行为规格的基准,6860,6671,HuggingFace Papers (takara mirror),2026-04-14 04:31:45+00,CodeSpecBench：评测 LLM 生成可执行行为规格的基准,0.0301
8628,8423,arXiv · cs.AI,2026-04-22 17:49:20+00,FedSIR：用于含噪标签联邦学习的谱式客户端识别与重标注,8719,8442,arXiv · cs.LG,2026-04-23 04:00:00+00,FedSIR：用谱识别与重标注处理联邦学习噪声标签,0.0304
6579,6499,arXiv · cs.LG,2026-04-20 04:00:00+00,用于分子性质上下文预测的表格基础模型,7590,7410,arXiv · cs.LG,2026-04-21 04:00:00+00,用于分子性质上下文预测的表格基础模型,0.0305
4216,3391,arXiv · cs.CL,2026-04-14 03:24:26+00,MolMem：面向高样本效率分子优化的记忆增强代理式强化学习,6882,6575,HuggingFace Papers (takara mirror),2026-04-14 03:24:26+00,MolMem：用记忆增强的智能体强化学习提升分子优化样本效率,0.0305
8183,8064,arXiv · cs.LG,2026-04-22 04:00:00+00,自适应 MSD 分裂：提升 C4.5 与随机森林对偏态连续属性的处理,8914,8568,HuggingFace Papers (takara mirror),2026-04-21 17:48:27+00,Adaptive MSD-Splitting：改进 C4.5 与随机森林对偏态连续特征的处理,0.0308
8676,8504,arXiv · cs.LG,2026-04-23 04:00:00+00,用于旅行商问题两阶段图稀疏化的机器学习,9458,9296,HuggingFace Papers (takara mirror),2026-04-22 06:40:05+00,用于旅行商问题两阶段图稀疏化的机器学习,0.0310
8367,8972,arXiv · cs.LG,2026-04-22 04:00:00+00,BARD：用渐进式块合并和分阶段蒸馏打通自回归与扩散视觉语言模型,8908,8778,arXiv · cs.LG,2026-04-23 04:00:00+00,BARD：用高效渐进式块合并与分阶段蒸馏打通自回归和扩散视觉语言模型,0.0313
8719,8442,arXiv · cs.LG,2026-04-23 04:00:00+00,FedSIR：用谱识别与重标注处理联邦学习噪声标签,9462,9297,HuggingFace Papers (takara mirror),2026-04-22 17:49:20+00,FedSIR：用谱识别与重标注处理联邦学习噪声标签,0.0314
4211,6339,arXiv · cs.CL,2026-04-14 04:22:44+00,面向临床智能体研究系统的免编码、隐私保护 MCP 框架,6875,6776,HuggingFace Papers (takara mirror),2026-04-14 04:22:44+00,用于临床智能体科研的免编码、隐私保护型 MCP 框架,0.0319
8938,8730,HuggingFace Papers (takara mirror),2026-04-21 17:58:39+00,随机神经网络函数波动的相变,9510,9301,arXiv · cs.LG,2026-04-24 04:00:00+00,随机神经网络函数量波动的相变,0.0335
6643,6607,arXiv · cs.LG,2026-04-20 04:00:00+00,HILBERT：用结构保持与信息平衡正则做联合中心双重对比对齐,6647,6465,arXiv · cs.AI,2026-04-17 17:07:35+00,HILBERT：用双对比对齐与正则化学习长序列音频-文本表示,0.0341
7199,7019,arXiv · cs.LG,2026-04-21 04:00:00+00,FlashFPS：通过剪枝与缓存提升大规模点云最远点采样效率,7885,7707,HuggingFace Papers (takara mirror),2026-04-20 02:03:24+00,FlashFPS：用剪枝与缓存提升大规模点云最远点采样效率,0.0344
7311,7375,arXiv · cs.LG,2026-04-21 04:00:00+00,BARD：用渐进式块合并与分阶段蒸馏打通自回归和扩散视觉语言模型,8908,8778,arXiv · cs.LG,2026-04-23 04:00:00+00,BARD：用高效渐进式块合并与分阶段蒸馏打通自回归和扩散视觉语言模型,0.0344
8145,8092,arXiv · cs.LG,2026-04-22 04:00:00+00,SAW-INT4：面向真实 LLM 服务的系统感知 4 比特 KV 缓存量化,8924,8785,HuggingFace Papers (takara mirror),2026-04-21 07:12:23+00,SAW-INT4：面向真实 LLM 服务的系统感知 4 比特 KV 缓存量化,0.0350
9419,9416,HuggingFace Papers (takara mirror),2026-04-22 11:54:54+00,MOMO：一个让机器人无缝学习并适配物理、语言与图形技能的框架,9513,9349,arXiv · cs.LG,2026-04-24 04:00:00+00,MOMO：一个让机器人以物理、语言和图形方式学习与适应技能的框架,0.0350
4437,3757,arXiv · cs.CL,2026-04-10 21:47:25+00,Neuro-Oracle：面向癫痫手术预后的轨迹感知 Agentic RAG 可解释框架,6849,6563,HuggingFace Papers (takara mirror),2026-04-10 21:47:25+00,Neuro-Oracle：面向可解释癫痫手术预后的轨迹感知 Agentic RAG 框架,0.0354
8231,8034,arXiv · cs.LG,2026-04-22 04:00:00+00,RoLegalGEC：罗马尼亚语法律领域语法错误检测与纠正数据集,8910,8623,arXiv · cs.LG,2026-04-23 04:00:00+00,RoLegalGEC：罗马尼亚语法律领域语法错误检测与纠正数据集,0.0355
7775,8324,arXiv · cs.AI,2026-04-20 17:59:49+00,MathNet：面向数学推理与检索的全球多模态基准,7867,7806,HuggingFace Papers (takara mirror),2026-04-20 17:59:49+00,MathNet：面向数学推理与检索的全球多模态基准,0.0355
2159,1028,QbitAI (量子位) · WeChat,2026-04-15 04:37:00+00,今年最火的 AI 产品，不止龙虾｜榜单申报中,2885,1461,QbitAI (量子位) · WeChat,2026-04-17 03:15:00+00,今年最火的AI产品，不止龙虾｜榜单申报中,0.0356
7043,6958,arXiv · cs.CL,2026-04-20 17:59:08+00,Sessa：选择性状态空间注意力,7276,7146,arXiv · cs.LG,2026-04-21 04:00:00+00,Sessa：选择性状态空间注意力,0.0361
7206,6919,arXiv · cs.LG,2026-04-21 04:00:00+00,Physics-Informed Neural Networks：完整训练周期的教学式推导,7850,7657,HuggingFace Papers (takara mirror),2026-04-20 16:34:47+00,Physics-Informed Neural Networks：完整训练流程的教学式推导,0.0362
8766,8598,arXiv · cs.LG,2026-04-23 04:00:00+00,WebGen-R1：用强化学习让大语言模型生成可用且美观的网站,9451,9358,HuggingFace Papers (takara mirror),2026-04-22 10:04:46+00,WebGen-R1：用强化学习激励大语言模型生成可用且美观的网站,0.0364
3345,3212,HuggingFace Papers (takara mirror),2026-04-16 13:11:42+00,通过保形 VLM 生成引导实现混合决策,4018,3540,arXiv · cs.CL,2026-04-16 13:11:42+00,通过保形 VLM 生成指引的混合决策,0.0368
8628,8423,arXiv · cs.AI,2026-04-22 17:49:20+00,FedSIR：用于含噪标签联邦学习的谱式客户端识别与重标注,9462,9297,HuggingFace Papers (takara mirror),2026-04-22 17:49:20+00,FedSIR：用谱识别与重标注处理联邦学习噪声标签,0.0371
1156,862,arXiv · cs.CL,2026-04-15 16:34:39+00,π-Play：无需外部数据的特权自蒸馏多智能体自博弈,2465,827,arXiv · cs.LG,2026-04-16 04:00:00+00,π-Play：无需外部数据的特权自蒸馏多智能体自博弈,0.0373
8368,8084,arXiv · cs.LG,2026-04-22 04:00:00+00,Q-SINDy：用量子核做非线性动力学稀疏识别，并给出可证明的系数去偏,8909,8622,arXiv · cs.LG,2026-04-23 04:00:00+00,Q-SINDy：用量子核做非线性动力学稀疏识别，并可证明消除系数偏差,0.0374
3365,3600,HuggingFace Papers (takara mirror),2026-04-13 23:23:02+00,当自指无法闭合：大语言模型的矩阵层级动力学,4233,3733,arXiv · cs.CL,2026-04-13 23:23:02+00,当自指无法闭合：大语言模型中的矩阵层级动态,0.0379
2159,1028,QbitAI (量子位) · WeChat,2026-04-15 04:37:00+00,今年最火的 AI 产品，不止龙虾｜榜单申报中,2164,1097,QbitAI (量子位) · WeChat,2026-04-14 03:45:00+00,今年最火的AI产品，不止龙虾｜榜单申报中,0.0379
6523,6461,QbitAI (量子位) · WeChat,2026-04-19 04:28:00+00,量子位编辑作者招聘,6540,6460,QbitAI (量子位) · WeChat,2026-04-18 11:51:00+00,量子位编辑作者招聘,0.0380
8613,8545,arXiv · cs.CL,2026-04-22 17:58:36+00,Parallel-SFT：提升代码 RL 的零样本跨编程语言迁移,9438,9293,HuggingFace Papers (takara mirror),2026-04-22 17:58:36+00,Parallel-SFT：提升代码 RL 的零样本跨编程语言迁移,0.0384
8071,8029,arXiv · cs.AI,2026-04-21 17:48:27+00,Adaptive MSD-Splitting：改进 C4.5 与随机森林对偏态连续属性的处理,8183,8064,arXiv · cs.LG,2026-04-22 04:00:00+00,自适应 MSD 分裂：提升 C4.5 与随机森林对偏态连续属性的处理,0.0387
7438,7583,arXiv · cs.LG,2026-04-21 04:00:00+00,MathNet：面向数学推理与检索的全球多模态基准,7775,8324,arXiv · cs.AI,2026-04-20 17:59:49+00,MathNet：面向数学推理与检索的全球多模态基准,0.0392
7225,7097,arXiv · cs.LG,2026-04-21 04:00:00+00,面向 μNPU 的实时 ECG 与 EMG 建模,8290,8119,arXiv · cs.LG,2026-04-22 04:00:00+00,迈向在 μNPU 上实时建模 ECG 与 EMG,0.0394
7095,7384,arXiv · cs.LG,2026-04-21 04:00:00+00,流形上推理：用于扩散语言模型自验证的双向一致性,9369,9405,arXiv · cs.LG,2026-04-24 04:00:00+00,扩散语言模型在流形上推理：用双向一致性做自验证,0.0399
9205,9103,arXiv · cs.AI,2026-04-23 17:49:16+00,一种用于扩散模型联合时空超分辨率的尺度自适应框架,9291,9020,arXiv · cs.LG,2026-04-24 04:00:00+00,一种用于扩散模型联合时空超分辨率的尺度自适应框架,0.0399
8070,7975,arXiv · cs.AI,2026-04-21 17:48:51+00,Vision Transformers 对抗训练中的良性过拟合,8821,8673,HuggingFace Papers (takara mirror),2026-04-21 17:48:51+00,Vision Transformers 对抗训练中的良性过拟合,0.0399
6732,6644,arXiv · cs.LG,2026-04-20 04:00:00+00,ExoNet：用相位折叠光变曲线、恒星参数与多头注意力融合识别 TESS 系外行星候选体,8365,8081,arXiv · cs.LG,2026-04-22 04:00:00+00,ExoNet：用相位折叠光变曲线、恒星参数与多头注意力识别 TESS 系外行星候选体,0.0411
8758,8597,arXiv · cs.LG,2026-04-23 04:00:00+00,Vibrotactile Preference Learning：面向个性化振动反馈的不确定性感知偏好学习,9453,9319,HuggingFace Papers (takara mirror),2026-04-22 05:51:32+00,Vibrotactile Preference Learning：面向个性化振动反馈的不确定性感知偏好学习,0.0412
6217,3710,QbitAI (量子位) · WeChat,2026-04-10 04:05:00+00,年度 AI 榜单申报启动，4月27日截止,6281,3957,QbitAI (量子位) · WeChat,2026-04-08 04:00:00+00,年度 AI 榜单申报启动，4月27日截止,0.0420
8161,8009,arXiv · cs.LG,2026-04-22 04:00:00+00,动态卫星网络上的联邦学习最优路由：可解还是不可解？,8937,8733,HuggingFace Papers (takara mirror),2026-04-21 12:26:42+00,动态卫星网络上的联邦学习最优路由：可解还是不可解？,0.0422
4164,4538,arXiv · cs.CL,2026-04-14 14:43:39+00,System 1 与 System 2 语义记忆结构在人类与 LLM 偏见中的作用,6865,6687,HuggingFace Papers (takara mirror),2026-04-14 14:43:39+00,System 1 与 System 2 语义记忆结构在人类和 LLM 偏见中的作用,0.0422
6531,6564,arXiv · cs.LG,2026-04-20 04:00:00+00,Spira：利用体素结构性质提升点云网络稀疏卷积效率,8889,8619,arXiv · cs.LG,2026-04-23 04:00:00+00,Spira：利用体素数据结构特性提升点云网络稀疏卷积效率,0.0425
6741,6724,arXiv · cs.LG,2026-04-20 04:00:00+00,Metacognitive Monitoring Battery：跨领域评测 LLM 自我监控的基准,8366,8216,arXiv · cs.LG,2026-04-22 04:00:00+00,元认知监测电池：面向 LLM 自我监测的跨领域基准,0.0425
8075,8212,arXiv · cs.AI,2026-04-21 16:49:11+00,Chat2Workflow：用自然语言生成可执行可视化工作流的基准,8930,8820,HuggingFace Papers (takara mirror),2026-04-21 16:49:11+00,Chat2Workflow：面向自然语言生成可执行可视化工作流的基准,0.0430
7136,7214,arXiv · cs.LG,2026-04-21 04:00:00+00,Video-Robin：基于自回归扩散规划的意图驱动视频配乐生成,9509,9244,arXiv · cs.LG,2026-04-24 04:00:00+00,Video-Robin：基于自回归扩散规划的意图驱动视频配乐生成,0.0431
8279,8130,arXiv · cs.LG,2026-04-22 04:00:00+00,一种用于通用航空健康管理的异构长-微尺度级联架构,8850,8627,arXiv · cs.LG,2026-04-23 04:00:00+00,面向通用航空健康管理的异构长-微尺度级联架构,0.0431
7438,7583,arXiv · cs.LG,2026-04-21 04:00:00+00,MathNet：面向数学推理与检索的全球多模态基准,7867,7806,HuggingFace Papers (takara mirror),2026-04-20 17:59:49+00,MathNet：面向数学推理与检索的全球多模态基准,0.0432
1135,1858,arXiv · cs.AI,2026-04-15 17:58:05+00,LongCoT：长时程思维链推理基准测试,2471,874,arXiv · cs.LG,2026-04-16 04:00:00+00,LongCoT：长时程思维链推理基准测试,0.0440
7047,7581,arXiv · cs.CL,2026-04-20 17:45:47+00,GSQ：用 Gumbel-Softmax 采样做 LLM 高精度低比特标量量化,7433,7568,arXiv · cs.LG,2026-04-21 04:00:00+00,GSQ：通过 Gumbel-Softmax 采样实现面向 LLM 的高精度低比特标量量化,0.0443
8158,7967,arXiv · cs.LG,2026-04-22 04:00:00+00,LASER：面向连续场重建的主动感知学习,8940,8735,HuggingFace Papers (takara mirror),2026-04-21 11:36:09+00,LASER：用于连续场重建的主动感知学习,0.0445
6217,3710,QbitAI (量子位) · WeChat,2026-04-10 04:05:00+00,年度 AI 榜单申报启动，4月27日截止,6300,3630,QbitAI (量子位) · WeChat,2026-04-11 01:05:00+00,量子位启动 2026 年度值得关注 AIGC 企业与产品评选申报,0.0449
7275,7285,arXiv · cs.LG,2026-04-21 04:00:00+00,有界比率强化学习,8861,8827,arXiv · cs.LG,2026-04-23 04:00:00+00,有界比率强化学习,0.0450
8140,7963,arXiv · cs.LG,2026-04-22 04:00:00+00,S2MAM：用于稳健估计与变量选择的半监督元加性模型,8923,8572,HuggingFace Papers (takara mirror),2026-04-21 04:27:12+00,S2MAM：用于稳健估计与变量选择的半监督元加性模型,0.0452
4301,3519,arXiv · cs.CL,2026-04-13 07:10:01+00,Agent 规则会塑形还是扭曲？编码代理中约束优于指导,7756,7570,HuggingFace Papers (takara mirror),2026-04-13 07:10:01+00,Agent 规则是在塑形还是扭曲？Guardrails 在编码代理中优于 Guidance,0.0452
3349,3994,HuggingFace Papers (takara mirror),2026-04-14 09:03:05+00,认识 Dynamic Individual Preferences：用配对微调处理冲突的人类价值,4185,3640,arXiv · cs.CL,2026-04-14 09:03:05+00,认识 Dynamic Individual Preferences：用 Paired Fine-Tuning 处理冲突人类价值,0.0454
7311,7375,arXiv · cs.LG,2026-04-21 04:00:00+00,BARD：用渐进式块合并与分阶段蒸馏打通自回归和扩散视觉语言模型,8367,8972,arXiv · cs.LG,2026-04-22 04:00:00+00,BARD：用渐进式块合并和分阶段蒸馏打通自回归与扩散视觉语言模型,0.0461
8022,7917,X · @dotey,2026-04-22 02:17:24+00,GPT Image 2 提示词：杂志拼贴,8037,7918,X · @dotey,2026-04-22 02:18:39+00,GPT Image 2 提示词：杂志拼贴,0.0462
8770,8800,arXiv · cs.LG,2026-04-23 04:00:00+00,MOMO：一个整合物理、语言和图形交互的机器人技能学习与适应框架,9513,9349,arXiv · cs.LG,2026-04-24 04:00:00+00,MOMO：一个让机器人以物理、语言和图形方式学习与适应技能的框架,0.0464
7048,7614,arXiv · cs.CL,2026-04-20 17:40:33+00,FUSE：零标注数据下的验证器集成,7432,7546,arXiv · cs.LG,2026-04-21 04:00:00+00,FUSE：零标注数据下集成验证器,0.0465
8689,8538,arXiv · cs.LG,2026-04-23 04:00:00+00,使用预测式掩码图自编码器预测单个 NetFlow,9514,9253,arXiv · cs.LG,2026-04-24 04:00:00+00,使用预测式掩码图自编码器预测单条 NetFlow,0.0469
7566,7332,arXiv · cs.LG,2026-04-21 04:00:00+00,迈向依赖初始化且非空泛的过参数浅层神经网络泛化界,8855,8562,arXiv · cs.LG,2026-04-23 04:00:00+00,面向过参数浅层神经网络的依赖初始化且非平凡的泛化界,0.0472
8615,8848,arXiv · cs.CL,2026-04-22 17:45:27+00,趋同演化：不同语言模型如何学出相似的数字表征,8790,8679,arXiv · cs.LG,2026-04-23 04:00:00+00,趋同进化：不同语言模型如何学到相似的数字表征,0.0476
8075,8212,arXiv · cs.AI,2026-04-21 16:49:11+00,Chat2Workflow：用自然语言生成可执行可视化工作流的基准,8233,8260,arXiv · cs.LG,2026-04-22 04:00:00+00,Chat2Workflow：用自然语言生成可执行可视化工作流的基准,0.0477
4237,4155,arXiv · cs.CL,2026-04-13 22:13:41+00,LLM 生成文本的时间扁平化：比较人类与 LLM 的写作轨迹,6871,6688,HuggingFace Papers (takara mirror),2026-04-13 22:13:41+00,LLM 生成文本中的时间扁平化：比较人类与 LLM 的写作轨迹,0.0477
2164,1097,QbitAI (量子位) · WeChat,2026-04-14 03:45:00+00,今年最火的AI产品，不止龙虾｜榜单申报中,2885,1461,QbitAI (量子位) · WeChat,2026-04-17 03:15:00+00,今年最火的AI产品，不止龙虾｜榜单申报中,0.0479
7324,7205,arXiv · cs.LG,2026-04-21 04:00:00+00,Q-SINDy：用量子核做非线性动力学稀疏识别，并证明可去偏系数,8368,8084,arXiv · cs.LG,2026-04-22 04:00:00+00,Q-SINDy：用量子核做非线性动力学稀疏识别，并给出可证明的系数去偏,0.0484
8663,8428,arXiv · cs.LG,2026-04-23 04:00:00+00,Meta Additive Model：用自动加权做可解释稀疏学习,9393,9288,HuggingFace Papers (takara mirror),2026-04-22 02:16:16+00,元加性模型：用自动加权做可解释稀疏学习,0.0488
7044,6963,arXiv · cs.CL,2026-04-20 17:55:47+00,用于医疗系统级虚拟患者表征的多模态时序基础模型,8860,8683,arXiv · cs.LG,2026-04-23 04:00:00+00,用于医疗系统规模虚拟患者表征的多模态时序基础模型,0.0491
1135,1858,arXiv · cs.AI,2026-04-15 17:58:05+00,LongCoT：长时程思维链推理基准测试,2675,1199,HuggingFace Papers (takara mirror),2026-04-15 17:58:05+00,LongCoT：长时程思维链推理基准评测,0.0494
8076,8348,arXiv · cs.CL,2026-04-21 17:42:54+00,发现共享逻辑子空间：用自然语言与符号视图对齐来引导 LLM 逻辑推理,8949,8964,HuggingFace Papers (takara mirror),2026-04-21 17:42:54+00,发现共享逻辑子空间：通过对齐自然语言与符号视角引导 LLM 逻辑推理,0.0496
7045,7159,arXiv · cs.CL,2026-04-20 17:53:33+00,Latent Phase-Shift Rollback：用残差流监控与 KV-Cache 引导做推理时纠错,7272,7168,arXiv · cs.LG,2026-04-21 04:00:00+00,Latent Phase-Shift Rollback：用残差流监控与 KV 缓存转向做推理时纠错,0.0498
4137,3469,arXiv · cs.CL,2026-04-14 23:29:44+00,用于语言模型推理的同伴预测自训练,7773,7541,HuggingFace Papers (takara mirror),2026-04-14 23:29:44+00,语言模型推理的同伴预测自训练,0.0501
2482,804,arXiv · cs.LG,2026-04-16 04:00:00+00,使用弱监督训练的 Vision Transformer 在淋巴瘤诊断中的 AI 应用,2651,976,HuggingFace Papers (takara mirror),2026-04-15 12:33:17+00,使用弱监督训练的 Vision Transformer 在淋巴瘤诊断中的人工智能应用,0.0504
2458,829,arXiv · cs.LG,2026-04-16 04:00:00+00,用于甲烷吸附的物理信息神经网络：跨气体迁移学习、物理约束下的集成坍缩与蒙特卡洛 Dropout 不确定性量化,2596,1002,HuggingFace Papers (takara mirror),2026-04-15 15:35:44+00,用于甲烷吸附的 Physics-Informed Neural Networks：跨气体迁移学习、物理约束下的集成坍塌与 Monte Carlo Dropout 不确定性量化,0.0505
8236,7960,arXiv · cs.LG,2026-04-22 04:00:00+00,随机神经网络泛函波动的相变,8938,8730,HuggingFace Papers (takara mirror),2026-04-21 17:58:39+00,随机神经网络函数波动的相变,0.0507
8326,8104,arXiv · cs.LG,2026-04-22 04:00:00+00,加权有向无环多重图上的向量值函数的 Möbius 变换与 Shapley 值,8876,8640,arXiv · cs.LG,2026-04-23 04:00:00+00,加权有向无环多重图上向量值函数的 Möbius 变换与 Shapley 值,0.0508
6685,6438,arXiv · cs.LG,2026-04-20 04:00:00+00,VoodooNet：用高维随机投影求解析基态,7589,7344,arXiv · cs.LG,2026-04-21 04:00:00+00,VoodooNet：用高维随机投影求解析基态,0.0509
7403,7203,arXiv · cs.LG,2026-04-21 04:00:00+00,用流程挖掘增强基于异常的入侵检测系统,7875,7680,HuggingFace Papers (takara mirror),2026-04-20 10:35:16+00,用流程挖掘增强基于异常的入侵检测系统,0.0510
8753,8594,arXiv · cs.LG,2026-04-23 04:00:00+00,鲁棒分布外随机优化,9386,9286,HuggingFace Papers (takara mirror),2026-04-22 03:24:41+00,鲁棒分布外随机优化,0.0513
9453,9319,HuggingFace Papers (takara mirror),2026-04-22 05:51:32+00,Vibrotactile Preference Learning：面向个性化振动反馈的不确定性感知偏好学习,9511,9183,arXiv · cs.LG,2026-04-24 04:00:00+00,Vibrotactile Preference Learning：面向个性化振动反馈的不确定性感知偏好学习,0.0514
6522,6458,QbitAI (量子位) · WeChat,2026-04-19 04:28:00+00,量子位启动 2026 年度值得关注的 AIGC 企业与产品评选申报,6539,6462,QbitAI (量子位) · WeChat,2026-04-18 11:51:00+00,今年最火的AI产品，不止龙虾｜榜单申报中,0.0515
8233,8260,arXiv · cs.LG,2026-04-22 04:00:00+00,Chat2Workflow：用自然语言生成可执行可视化工作流的基准,8930,8820,HuggingFace Papers (takara mirror),2026-04-21 16:49:11+00,Chat2Workflow：面向自然语言生成可执行可视化工作流的基准,0.0517
2446,952,arXiv · cs.LG,2026-04-16 04:00:00+00,基于深度强化学习的疲劳感知自适应自动制动系统，用于提升道路安全,2688,1111,HuggingFace Papers (takara mirror),2026-04-15 13:39:56+00,基于深度强化学习的驾驶困倦感知自适应自动制动系统，用于提升道路安全,0.0519
8656,8534,arXiv · cs.LG,2026-04-23 04:00:00+00,基于序列岭杠杆分数的 Nyström 方法分析,9456,9262,HuggingFace Papers (takara mirror),2026-04-22 00:49:25+00,序列岭杠杆分数的 Nystrom 方法分析,0.0520
8758,8597,arXiv · cs.LG,2026-04-23 04:00:00+00,Vibrotactile Preference Learning：面向个性化振动反馈的不确定性感知偏好学习,9511,9183,arXiv · cs.LG,2026-04-24 04:00:00+00,Vibrotactile Preference Learning：面向个性化振动反馈的不确定性感知偏好学习,0.0520
4041,4047,arXiv · cs.CL,2026-04-16 06:49:25+00,CAMO：在 LLM 智能体仿真中从微观行为自动发现宏观涌现因果,7780,7815,HuggingFace Papers (takara mirror),2026-04-16 06:49:25+00,CAMO：从微观行为到宏观涌现的 LLM Agent 仿真自动因果发现框架,0.0522
4360,3567,arXiv · cs.CL,2026-04-12 17:17:54+00,BlasBench：面向爱尔兰语语音识别的开放基准,7774,7635,HuggingFace Papers (takara mirror),2026-04-12 17:17:54+00,BlasBench：面向爱尔兰语语音识别的开放基准,0.0523
8236,7960,arXiv · cs.LG,2026-04-22 04:00:00+00,随机神经网络泛函波动的相变,9510,9301,arXiv · cs.LG,2026-04-24 04:00:00+00,随机神经网络函数量波动的相变,0.0525
6223,3676,QbitAI (量子位) · WeChat,2026-04-10 04:05:00+00,量子位招聘编辑与作者，开放 3 个方向岗位,6288,3984,QbitAI (量子位) · WeChat,2026-04-08 04:00:00+00,量子位招聘编辑与作者，开放3类岗位,0.0526
6223,3676,QbitAI (量子位) · WeChat,2026-04-10 04:05:00+00,量子位招聘编辑与作者，开放 3 个方向岗位,6301,3628,QbitAI (量子位) · WeChat,2026-04-11 01:05:00+00,量子位编辑作者招聘,0.0528
6544,6792,arXiv · cs.LG,2026-04-20 04:00:00+00,ConFu：用“面向未来”预测改进投机采样,8355,8900,arXiv · cs.LG,2026-04-22 04:00:00+00,ConFu：用“未来预想”改进推测采样,0.0528
7271,7126,arXiv · cs.LG,2026-04-21 04:00:00+00,关于 TurboQuant 与更早期 DRIVE/EDEN 工作线的一则说明,7861,7676,HuggingFace Papers (takara mirror),2026-04-20 17:44:15+00,关于 TurboQuant 与更早 DRIVE/EDEN 研究线的一则说明,0.0530
7990,7873,X · @OpenAI,2026-04-21 19:22:40+00,发布 ChatGPT Images 2.0,8538,8557,OpenAI Blog,2026-04-21 12:00:00+00,推出 ChatGPT Images 2.0,0.0532
7044,6963,arXiv · cs.CL,2026-04-20 17:55:47+00,用于医疗系统级虚拟患者表征的多模态时序基础模型,7273,7194,arXiv · cs.LG,2026-04-21 04:00:00+00,用于医疗系统级虚拟患者表征的多模态时序基础模型,0.0533
8618,8861,arXiv · cs.CL,2026-04-22 17:14:52+00,工作记忆约束在数据稀缺下为 Transformer 学习提供支架,8787,8804,arXiv · cs.LG,2026-04-23 04:00:00+00,工作记忆约束在数据稀缺下支架 Transformer 学习,0.0534
8751,8642,arXiv · cs.LG,2026-04-23 04:00:00+00,机器学习矩闭合模型用于辐射传输方程 IV：在二维中强制可对称双曲性,9327,9282,HuggingFace Papers (takara mirror),2026-04-22 03:12:40+00,辐射传输方程 IV：在二维中强制可对称化双曲性的机器学习矩闭模型,0.0537
7430,7504,arXiv · cs.LG,2026-04-21 04:00:00+00,UDM-GRPO：面向 Uniform Discrete Diffusion Models 的稳定高效组相对策略优化,8371,8206,arXiv · cs.LG,2026-04-22 04:00:00+00,UDM-GRPO：面向均匀离散扩散模型的稳定高效组相对策略优化,0.0539
8079,8145,arXiv · cs.CL,2026-04-21 16:56:55+00,探索函数向量的语言无关性：机器翻译案例研究,8750,8750,HuggingFace Papers (takara mirror),2026-04-21 16:56:55+00,函数向量的语言无关性探索：机器翻译个案研究,0.0543
4282,6386,arXiv · cs.CL,2026-04-13 14:42:03+00,Relax：面向大规模全模态后训练的异步强化学习引擎,6862,6841,HuggingFace Papers (takara mirror),2026-04-13 14:42:03+00,Relax：面向大规模全模态后训练的异步强化学习引擎,0.0556
7470,7387,arXiv · cs.LG,2026-04-21 04:00:00+00,THEIA：纯神经模块化架构学习完整 Kleene 三值逻辑,8284,8276,arXiv · cs.LG,2026-04-22 04:00:00+00,THEIA：纯神经模块化架构学习完整 Kleene 三值逻辑,0.0556
8068,7985,arXiv · cs.AI,2026-04-21 17:52:17+00,FASTER：用于快速强化学习的价值引导采样,8939,8757,HuggingFace Papers (takara mirror),2026-04-21 17:52:17+00,FASTER：用于快速强化学习的价值引导采样,0.0559
6576,6553,arXiv · cs.LG,2026-04-20 04:00:00+00,迈向大语言模型的内生可解释性：设计原则与架构综述,7712,7400,arXiv · cs.LG,2026-04-21 04:00:00+00,迈向大语言模型的内生可解释性：设计原则与架构综述,0.0562
8681,8808,arXiv · cs.LG,2026-04-23 04:00:00+00,通过条件扩散模型冷启动预测新产品生命周期,9441,9357,HuggingFace Papers (takara mirror),2026-04-22 09:07:55+00,通过条件扩散模型进行新品生命周期冷启动预测,0.0565
8770,8800,arXiv · cs.LG,2026-04-23 04:00:00+00,MOMO：一个整合物理、语言和图形交互的机器人技能学习与适应框架,9419,9416,HuggingFace Papers (takara mirror),2026-04-22 11:54:54+00,MOMO：一个让机器人无缝学习并适配物理、语言与图形技能的框架,0.0566
9186,9012,arXiv · cs.CL,2026-04-23 17:54:36+00,当提示词压过视觉：LVLM 中的提示诱导幻觉,9359,9368,arXiv · cs.LG,2026-04-24 04:00:00+00,当提示词压过视觉：LVLM 中的提示诱导幻觉,0.0570
6238,3843,QbitAI (量子位) · WeChat,2026-04-09 04:06:00+00,量子位编辑作者招聘,6288,3984,QbitAI (量子位) · WeChat,2026-04-08 04:00:00+00,量子位招聘编辑与作者，开放3类岗位,0.0571
7274,7374,arXiv · cs.LG,2026-04-21 04:00:00+00,LLM 何时能在弱监督下学会推理？,7799,7454,arXiv · cs.AI,2026-04-20 17:57:49+00,LLM 何时能在弱监督下学会推理？,0.0576
7052,7032,arXiv · cs.CL,2026-04-20 17:01:27+00,通向有害服从的不同路径：LLM 越狱后的行为副作用与机制分化,7880,7768,HuggingFace Papers (takara mirror),2026-04-20 17:01:27+00,LLM 越狱的有害服从路径不同：行为副作用与机制分化,0.0579
2509,856,arXiv · cs.LG,2026-04-16 04:00:00+00,用于实时步态分析的跨层协同优化 LSTM 加速器,2649,867,HuggingFace Papers (takara mirror),2026-04-15 06:46:15+00,面向实时步态分析的跨层协同优化 LSTM 加速器,0.0581
7783,7533,arXiv · cs.AI,2026-04-20 17:53:29+00,系统动力学 AI 助手基准：云端与本地 LLM 在 CLD 提取和讨论上的对比,8372,8253,arXiv · cs.LG,2026-04-22 04:00:00+00,基准评测系统动力学 AI 助手：云端与本地 LLM 在 CLD 提取和讨论任务上的表现,0.0581
7435,7586,arXiv · cs.LG,2026-04-21 04:00:00+00,基准测试系统动力学 AI 助手：云端与本地 LLM 在 CLD 提取和讨论上的对比,7783,7533,arXiv · cs.AI,2026-04-20 17:53:29+00,系统动力学 AI 助手基准：云端与本地 LLM 在 CLD 提取和讨论上的对比,0.0582
2533,657,arXiv · cs.LG,2026-04-16 04:00:00+00,变分量子电路中的可达性约束：在多项式群模内优化,2683,872,HuggingFace Papers (takara mirror),2026-04-15 11:21:53+00,变分量子电路中的可达性约束：在多项式群模内优化,0.0584
8073,8057,arXiv · cs.AI,2026-04-21 16:55:48+00,在不确定性下学习高精度接触式操作的混合控制策略,8234,8006,arXiv · cs.LG,2026-04-22 04:00:00+00,在不确定性下学习高精度接触操作的混合控制策略,0.0586
2460,1108,arXiv · cs.LG,2026-04-16 04:00:00+00,MAny：用于多模态持续指令微调的 Merge Anything,2667,1014,HuggingFace Papers (takara mirror),2026-04-15 15:57:23+00,MAny：用于多模态持续指令微调的 Merge Anything,0.0591
8686,8786,arXiv · cs.LG,2026-04-23 04:00:00+00,可扩展 AI 推理：AI 模型服务的性能分析与优化,9415,9249,HuggingFace Papers (takara mirror),2026-04-22 10:39:14+00,可扩展 AI 推理：AI 模型服务的性能分析与优化,0.0592
2930,1744,arXiv · cs.CL,2026-04-16 17:59:49+00,MM-WebAgent：用于网页生成的分层多模态 Web Agent,3073,1463,HuggingFace Papers (takara mirror),2026-04-16 17:59:49+00,MM-WebAgent：用于网页生成的分层多模态 Web Agent,0.0593
8875,8636,arXiv · cs.LG,2026-04-23 04:00:00+00,数值积分伪影会扭曲动力系统学习结果,9482,9147,arXiv · cs.LG,2026-04-24 04:00:00+00,数值积分伪影会扭曲动力系统学习,0.0594
8184,8065,arXiv · cs.LG,2026-04-22 04:00:00+00,Vision Transformers 对抗训练中的良性过拟合,8821,8673,HuggingFace Papers (takara mirror),2026-04-21 17:48:51+00,Vision Transformers 对抗训练中的良性过拟合,0.0594
6223,3676,QbitAI (量子位) · WeChat,2026-04-10 04:05:00+00,量子位招聘编辑与作者，开放 3 个方向岗位,6238,3843,QbitAI (量子位) · WeChat,2026-04-09 04:06:00+00,量子位编辑作者招聘,0.0598
2432,836,arXiv · cs.LG,2026-04-16 04:00:00+00,用视觉-语言-动作正则化启动强化学习,2654,981,HuggingFace Papers (takara mirror),2026-04-15 11:17:54+00,用视觉-语言-动作正则化启动强化学习,0.0603
7235,7141,arXiv · cs.LG,2026-04-21 04:00:00+00,《Do “Differentiable Simulators Give Better Policy Gradients?”真的能带来更好的策略梯度吗？》,7890,7722,HuggingFace Papers (takara mirror),2026-04-20 12:23:48+00,《“Do Differentiable Simulators Give Better Policy Gradients?”真的能带来更好的策略梯度吗？》,0.0607
8787,8804,arXiv · cs.LG,2026-04-23 04:00:00+00,工作记忆约束在数据稀缺下支架 Transformer 学习,9515,9442,arXiv · cs.LG,2026-04-24 04:00:00+00,数据稀缺下，工作记忆约束为 Transformer 学习提供脚手架,0.0610
7688,7601,arXiv · cs.LG,2026-04-21 04:00:00+00,LiveGraph：用于练习推荐的主动结构神经重排序,8353,8126,arXiv · cs.LG,2026-04-22 04:00:00+00,LiveGraph：面向习题推荐的主动结构神经重排序,0.0613
2160,1029,QbitAI (量子位) · WeChat,2026-04-15 04:37:00+00,量子位编辑作者招聘,2165,1032,QbitAI (量子位) · WeChat,2026-04-14 03:45:00+00,量子位编辑作者招聘,0.0614
7797,7620,arXiv · cs.AI,2026-04-20 17:59:01+00,有界比率强化学习,8861,8827,arXiv · cs.LG,2026-04-23 04:00:00+00,有界比率强化学习,0.0627
6238,3843,QbitAI (量子位) · WeChat,2026-04-09 04:06:00+00,量子位编辑作者招聘,6301,3628,QbitAI (量子位) · WeChat,2026-04-11 01:05:00+00,量子位编辑作者招聘,0.0633
121,88,arXiv · cs.AI,2026-04-15 17:59:01+00,从 P(y|x) 到 P(y)：考察预训练空间中的强化学习,2691,958,HuggingFace Papers (takara mirror),2026-04-15 17:59:01+00,从 P(y|x) 到 P(y)：考察预训练空间中的强化学习,0.0636
7393,7498,arXiv · cs.LG,2026-04-21 04:00:00+00,局部交互如何涌现句法：一项最小系统研究,8369,8198,arXiv · cs.LG,2026-04-22 04:00:00+00,局部交互如何涌现语法：一项证据,0.0646
7700,7488,arXiv · cs.LG,2026-04-21 04:00:00+00,Rays as Pixels：学习视频与相机轨迹的联合分布,8902,8711,arXiv · cs.LG,2026-04-23 04:00:00+00,Rays as Pixels：学习视频与相机轨迹的联合分布,0.0647
2544,3570,arXiv · cs.LG,2026-04-16 04:00:00+00,如何合成高质量预训练数据？对提示设计、生成模型与源数据的系统研究,4097,3537,arXiv · cs.CL,2026-04-15 15:24:59+00,如何合成高质量预训练数据？对提示设计、生成模型与源数据的系统研究,0.0651
6645,6710,arXiv · cs.AI,2026-04-17 17:17:55+00,超越分布锐化：任务奖励为何重要,6650,6673,arXiv · cs.LG,2026-04-20 04:00:00+00,超越分布锐化：任务奖励为何重要,0.0651
2453,910,arXiv · cs.LG,2026-04-16 04:00:00+00,HINTBench：Horizon-agent 内在非攻击轨迹基准,2690,1018,HuggingFace Papers (takara mirror),2026-04-15 15:06:01+00,HINTBench：Horizon-agent 内在非攻击轨迹基准,0.0651
7276,7146,arXiv · cs.LG,2026-04-21 04:00:00+00,Sessa：选择性状态空间注意力,7868,7746,HuggingFace Papers (takara mirror),2026-04-20 17:59:08+00,Sessa：选择性状态空间注意力,0.0652
7275,7285,arXiv · cs.LG,2026-04-21 04:00:00+00,有界比率强化学习,7797,7620,arXiv · cs.AI,2026-04-20 17:59:01+00,有界比率强化学习,0.0653
3344,3649,HuggingFace Papers (takara mirror),2026-04-11 14:38:11+00,CodeComp：面向 Agentic Coding 的结构化 KV 缓存压缩,4408,3695,arXiv · cs.CL,2026-04-11 14:38:11+00,CodeComp：面向 Agentic Coding 的结构化 KV 缓存压缩,0.0653
4218,3429,arXiv · cs.CL,2026-04-14 03:09:26+00,HintMR：用提示协同提升小语言模型的数学推理,6876,6702,HuggingFace Papers (takara mirror),2026-04-14 03:09:26+00,HintMR：用提示诱导小语言模型更强的数学推理,0.0655
7287,7547,arXiv · cs.LG,2026-04-21 04:00:00+00,量化 AI 评审小组如何提高精确率,9508,9365,arXiv · cs.LG,2026-04-24 04:00:00+00,量化 AI 评审组如何提升精确率,0.0660
2471,874,arXiv · cs.LG,2026-04-16 04:00:00+00,LongCoT：长时程思维链推理基准测试,2675,1199,HuggingFace Papers (takara mirror),2026-04-15 17:58:05+00,LongCoT：长时程思维链推理基准评测,0.0661
3329,3192,HuggingFace Papers (takara mirror),2026-04-13 06:01:20+00,不确定性感知的网页条件科学事实核查,4332,3611,arXiv · cs.CL,2026-04-13 06:01:20+00,不确定性感知的网页条件科学事实核查,0.0666
8133,8358,arXiv · cs.LG,2026-04-22 04:00:00+00,FedProxy：用代理 SLM 与异构感知融合做 LLM 联邦微调,8932,8736,HuggingFace Papers (takara mirror),2026-04-21 03:06:24+00,FedProxy：通过代理 SLM 与异构感知融合做联邦微调,0.0672
2404,904,arXiv · cs.LG,2026-04-16 04:00:00+00,量化的 KL 视角：面向混合精度 SSM-Transformer 的快速纯前向敏感度,2685,1176,HuggingFace Papers (takara mirror),2026-04-15 03:40:30+00,用 KL 视角看量化：面向 SSM-Transformer 混合精度模型的快速前向敏感度方法,0.0683
8365,8081,arXiv · cs.LG,2026-04-22 04:00:00+00,ExoNet：用相位折叠光变曲线、恒星参数与多头注意力识别 TESS 系外行星候选体,8907,8644,arXiv · cs.LG,2026-04-23 04:00:00+00,ExoNet：用相位折叠光变曲线、恒星参数和多头注意力校准筛选 TESS 系外行星候选体,0.0689
8662,8535,arXiv · cs.LG,2026-04-23 04:00:00+00,用预热启动的 MCMC 微调学习求解二次指派问题,9459,9237,HuggingFace Papers (takara mirror),2026-04-22 02:13:23+00,用预热启动的 MCMC 微调学习求解二次指派问题,0.0689
6688,6439,arXiv · cs.LG,2026-04-20 04:00:00+00,单次生成流：存在性与障碍,7711,7345,arXiv · cs.LG,2026-04-21 04:00:00+00,单步生成流：存在性与阻碍,0.0711
2952,1431,arXiv · cs.CL,2026-04-16 17:20:13+00,从 Token 到步骤：面向验证的推测解码，用于高效多步推理,3082,1809,HuggingFace Papers (takara mirror),2026-04-16 17:20:13+00,从 Token 到步骤：面向验证的推测解码，用于高效多步推理,0.0715
7437,7839,arXiv · cs.LG,2026-04-21 04:00:00+00,重回柏拉图洞穴：大规模检验跨模态表征收敛,7800,7640,arXiv · cs.AI,2026-04-20 17:56:02+00,重回柏拉图洞穴：大规模检验跨模态表征收敛,0.0716
7733,7456,Bloomberg Technology,2026-04-20 21:28:57+00,Apple 任命 John Ternus 为下一任 CEO，Tim Cook 转任执行董事长,7735,7584,Bloomberg Technology,2026-04-20 20:50:33+00,John Ternus 将出任 Apple CEO，Tim Cook 转任执行董事长,0.0723
6237,3845,QbitAI (量子位) · WeChat,2026-04-09 04:06:00+00,一年一度最值得关注的 AI 榜单启动申报，截止 4 月 27 日,6300,3630,QbitAI (量子位) · WeChat,2026-04-11 01:05:00+00,量子位启动 2026 年度值得关注 AIGC 企业与产品评选申报,0.0730
7217,7183,arXiv · cs.LG,2026-04-21 04:00:00+00,LEPO：面向大语言模型的潜在推理策略优化,8289,8219,arXiv · cs.LG,2026-04-22 04:00:00+00,LEPO：面向大语言模型的潜在推理策略优化,0.0749
7043,6958,arXiv · cs.CL,2026-04-20 17:59:08+00,Sessa：选择性状态空间注意力,8291,8240,arXiv · cs.LG,2026-04-22 04:00:00+00,Sessa：选择性状态空间注意力,0.0754
8070,7975,arXiv · cs.AI,2026-04-21 17:48:51+00,Vision Transformers 对抗训练中的良性过拟合,8184,8065,arXiv · cs.LG,2026-04-22 04:00:00+00,Vision Transformers 对抗训练中的良性过拟合,0.0759
2545,3114,arXiv · cs.LG,2026-04-16 04:00:00+00,用于提升大语言模型生成事实性的自适应保形预测,4095,3284,arXiv · cs.CL,2026-04-15 15:35:42+00,用于提升大语言模型生成事实性的自适应保形预测,0.0779
8057,7976,The Verge · AI,2026-04-21 22:45:37+00,SpaceX 达成协议：可能以 600 亿美元收购 Cursor,8380,8178,Bloomberg Technology,2026-04-21 22:25:19+00,SpaceX 达成协议，获以 600 亿美元收购 Cursor 的权利,0.0781
7204,6993,arXiv · cs.LG,2026-04-21 04:00:00+00,RASP-Tuner：面向非平稳环境、具上下文感知的黑盒优化检索增强软提示,7882,7719,HuggingFace Papers (takara mirror),2026-04-20 09:52:36+00,RASP-Tuner：用于非平稳环境上下文感知黑盒优化的检索增强软提示,0.0786
6206,5579,Bloomberg Technology,2026-03-06 20:11:06+00,Oracle 和 OpenAI 终止扩建旗舰数据中心计划,6214,5671,Bloomberg Technology,2026-03-06 20:46:52+00,OpenAI 与 Oracle 不再扩建得州旗舰 AI 数据中心,0.0789
8704,8444,arXiv · cs.LG,2026-04-23 04:00:00+00,风暴潮建模、偏差校正、图神经网络与图卷积网络,9391,9165,arXiv · cs.LG,2026-04-24 04:00:00+00,StormNet：用基于 GNN 的时空偏差预测模型改进风暴潮预测,0.0790
6288,3984,QbitAI (量子位) · WeChat,2026-04-08 04:00:00+00,量子位招聘编辑与作者，开放3类岗位,6301,3628,QbitAI (量子位) · WeChat,2026-04-11 01:05:00+00,量子位编辑作者招聘,0.0794
8186,7999,arXiv · cs.LG,2026-04-22 04:00:00+00,FASTER：用价值引导采样加速强化学习,8939,8757,HuggingFace Papers (takara mirror),2026-04-21 17:52:17+00,FASTER：用于快速强化学习的价值引导采样,0.0803
7276,7146,arXiv · cs.LG,2026-04-21 04:00:00+00,Sessa：选择性状态空间注意力,8291,8240,arXiv · cs.LG,2026-04-22 04:00:00+00,Sessa：选择性状态空间注意力,0.0804
8173,8063,arXiv · cs.LG,2026-04-22 04:00:00+00,Q-learning 的 Lyapunov 认证直接切换理论,8943,8781,HuggingFace Papers (takara mirror),2026-04-21 15:22:42+00,Q-learning 的 Lyapunov 认证直接切换理论,0.0809
7251,7143,arXiv · cs.LG,2026-04-21 04:00:00+00,Balance-Guided SINDy：识别含小系数项的多尺度非线性 PDE,7907,7729,HuggingFace Papers (takara mirror),2026-04-20 15:31:47+00,Balance-Guided Sparse Identification：识别含小系数项的多尺度非线性 PDE,0.0812
7546,7554,arXiv · cs.LG,2026-04-21 04:00:00+00,面向预测期退化的自适应感知预测期需求预测模型选择框架,8842,8706,arXiv · cs.LG,2026-04-23 04:00:00+00,面向预测期退化的自适应期长感知需求预测模型选择框架,0.0812
7201,6918,arXiv · cs.LG,2026-04-21 04:00:00+00,通过零阶策略优化实现高效联邦 RLHF,7895,7763,HuggingFace Papers (takara mirror),2026-04-20 03:04:12+00,通过零阶策略优化实现高效联邦 RLHF,0.0815
8068,7985,arXiv · cs.AI,2026-04-21 17:52:17+00,FASTER：用于快速强化学习的价值引导采样,8186,7999,arXiv · cs.LG,2026-04-22 04:00:00+00,FASTER：用价值引导采样加速强化学习,0.0824
6760,6582,arXiv · cs.LG,2026-04-20 04:00:00+00,AutoNFS：自动神经特征选择,8240,7981,arXiv · cs.LG,2026-04-22 04:00:00+00,AutoNFS：自动神经特征选择,0.0825
1137,1003,arXiv · cs.AI,2026-04-15 17:50:56+00,LLM 表征中的反问句：一项线性探针研究,2674,1016,HuggingFace Papers (takara mirror),2026-04-15 17:50:56+00,LLM 表征中的反问句：一项线性探针研究,0.0826
7089,7012,arXiv · cs.LG,2026-04-21 04:00:00+00,SCATR：简单的校准式测试时排序,8287,8294,arXiv · cs.LG,2026-04-22 04:00:00+00,SCATR：简单校准的测试时排序,0.0827
8790,8679,arXiv · cs.LG,2026-04-23 04:00:00+00,趋同进化：不同语言模型如何学到相似的数字表征,9597,9500,Hacker News Frontpage,2026-04-24 14:34:23+00,不同语言模型会学到相似的数字表征,0.0832
7079,6914,arXiv · cs.LG,2026-04-21 04:00:00+00,用于临床因果推断的 LLM 提取协变量：重新思考整合策略,8288,8110,arXiv · cs.LG,2026-04-22 04:00:00+00,用于临床因果推断的 LLM 提取协变量：重新审视集成策略,0.0835
3370,3349,HuggingFace Papers (takara mirror),2026-04-15 20:27:26+00,通过基于词典的跨语言词义投射生成概念词汇化,4072,3302,arXiv · cs.CL,2026-04-15 20:27:26+00,通过基于词典的跨语言义项投射生成概念词汇化,0.0839
8674,9467,arXiv · cs.LG,2026-04-23 04:00:00+00,用自引导扩展自博弈,9421,9371,HuggingFace Papers (takara mirror),2026-04-22 05:50:23+00,用自引导扩展自博弈,0.0841
6973,6878,Hacker News Frontpage,2026-04-20 20:58:08+00,Tim Cook 将卸任 Apple CEO，John Ternus 接任,6975,6907,Hacker News Frontpage,2026-04-20 20:35:54+00,Apple CEO Tim Cook 将卸任，John Ternus 接任,0.0850
6206,5579,Bloomberg Technology,2026-03-06 20:11:06+00,Oracle 和 OpenAI 终止扩建旗舰数据中心计划,6209,5587,Bloomberg Technology,2026-03-06 23:16:48+00,Oracle 与 OpenAI 终止扩建旗舰数据中心计划,0.0851
7043,6958,arXiv · cs.CL,2026-04-20 17:59:08+00,Sessa：选择性状态空间注意力,7868,7746,HuggingFace Papers (takara mirror),2026-04-20 17:59:08+00,Sessa：选择性状态空间注意力,0.0853
2418,815,arXiv · cs.LG,2026-04-16 04:00:00+00,从对齐到预测：自监督学习与预测表征学习研究,2681,993,HuggingFace Papers (takara mirror),2026-04-15 06:04:45+00,从对齐到预测：自监督学习与预测表征学习研究,0.0854
6281,3957,QbitAI (量子位) · WeChat,2026-04-08 04:00:00+00,年度 AI 榜单申报启动，4月27日截止,6300,3630,QbitAI (量子位) · WeChat,2026-04-11 01:05:00+00,量子位启动 2026 年度值得关注 AIGC 企业与产品评选申报,0.0857
7919,7731,Bloomberg Technology,2026-04-21 07:44:04+00,Apple CEO Tim Cook 15 年执掌成绩单：数字盘点,8404,8140,Bloomberg Technology,2026-04-21 17:38:25+00,Apple CEO Tim Cook 15 年执掌遗产：数字拆解,0.0861
2512,875,arXiv · cs.LG,2026-04-16 04:00:00+00,C2：从二元偏好扩展的量表增强奖励建模,2603,988,HuggingFace Papers (takara mirror),2026-04-15 08:33:55+00,C2：从二元偏好进行可扩展的量表增强奖励建模,0.0864
4335,3650,arXiv · cs.CL,2026-04-13 04:53:06+00,当有效信号失灵：LLM 特征与 RL 交易策略的区间边界,6847,6729,HuggingFace Papers (takara mirror),2026-04-13 04:53:06+00,当有效信号失灵：LLM 特征与 RL 交易策略的制度边界,0.0864
8014,8317,Hacker News Frontpage,2026-04-21 22:13:18+00,SpaceX称已达成以600亿美元收购 Cursor 的协议,8380,8178,Bloomberg Technology,2026-04-21 22:25:19+00,SpaceX 达成协议，获以 600 亿美元收购 Cursor 的权利,0.0871
8633,8877,arXiv · cs.AI,2026-04-22 17:19:43+00,使用 LLM 作为外部记忆、验证与规划层的自动本体构建，用于混合智能系统,9428,9447,HuggingFace Papers (takara mirror),2026-04-22 17:19:43+00,使用 LLM 作为外部记忆、验证与规划层的自动本体构建，用于混合智能系统,0.0877
3672,3372,arXiv · cs.CL,2026-04-14 09:16:53+00,表格问答的校准置信度估计,7754,7777,HuggingFace Papers (takara mirror),2026-04-14 09:16:53+00,表格问答的校准置信度估计,0.0880
3250,3183,X · @claudeai,2026-04-17 15:03:46+00,Anthropic Labs 推出 Claude Design：用对话生成原型、幻灯片和单页文档,3334,3455,Product Hunt · AI,2026-04-17 15:21:45+00,Anthropic Labs 推出 Claude Design,0.0880
1136,960,arXiv · cs.AI,2026-04-15 17:57:08+00,从感觉到指标：理解并形式化用户如何对 LLM 做 vibe-test,2556,848,arXiv · cs.LG,2026-04-16 04:00:00+00,从感觉到指标：理解并形式化用户如何对 LLM 做 vibe-test,0.0885
2472,868,arXiv · cs.LG,2026-04-16 04:00:00+00,从 P(y|x) 到 P(y)：研究预训练空间中的强化学习,2691,958,HuggingFace Papers (takara mirror),2026-04-15 17:59:01+00,从 P(y|x) 到 P(y)：考察预训练空间中的强化学习,0.0885
7410,7569,arXiv · cs.LG,2026-04-21 04:00:00+00,mlr3torch：基于 mlr3 与 torch 的 R 深度学习框架,7881,7743,HuggingFace Papers (takara mirror),2026-04-20 12:13:23+00,mlr3torch：基于 mlr3 与 torch 的 R 深度学习框架,0.0912
8664,8497,arXiv · cs.LG,2026-04-23 04:00:00+00,一阶双层极小极大优化的稳定性与泛化,9392,9236,HuggingFace Papers (takara mirror),2026-04-22 02:27:24+00,一阶双层极小极大优化的稳定性与泛化,0.0914
8777,8652,arXiv · cs.LG,2026-04-23 04:00:00+00,将保证案例视为文本属性图，用于结构与溯源分析的评估,9405,9289,HuggingFace Papers (takara mirror),2026-04-22 13:58:08+00,将保证案例视为文本属性图，用于结构与来源分析的评估,0.0917
8618,8861,arXiv · cs.CL,2026-04-22 17:14:52+00,工作记忆约束在数据稀缺下为 Transformer 学习提供支架,9515,9442,arXiv · cs.LG,2026-04-24 04:00:00+00,数据稀缺下，工作记忆约束为 Transformer 学习提供脚手架,0.0918
2416,833,arXiv · cs.LG,2026-04-16 04:00:00+00,SFT-GRPO 数据重叠作为自动形式化的后训练超参数,2650,1011,HuggingFace Papers (takara mirror),2026-04-15 06:00:25+00,SFT-GRPO 数据重叠被视为自动形式化的后训练超参数,0.0920
9059,8951,Hacker News Frontpage,2026-04-23 18:01:39+00,发布 GPT-5.5,9068,8952,X · @dotey,2026-04-23 18:52:31+00,OpenAI 发布 GPT-5.5，向 ChatGPT 付费企业用户开放并同步上线 Codex,0.0925
8066,8047,arXiv · cs.AI,2026-04-21 17:59:02+00,稳定性边缘的泛化,8188,7990,arXiv · cs.LG,2026-04-22 04:00:00+00,稳定性边缘的泛化,0.0933
8086,8010,Financial Times · Technology,2026-04-22 00:39:24+00,SpaceX 获得以 600 亿美元收购 AI 初创公司 Cursor 的权利,8380,8178,Bloomberg Technology,2026-04-21 22:25:19+00,SpaceX 达成协议，获以 600 亿美元收购 Cursor 的权利,0.0935
7418,7278,arXiv · cs.LG,2026-04-21 04:00:00+00,用于音频分类增量学习的 Hebbian 深度神经网络,7866,7762,HuggingFace Papers (takara mirror),2026-04-20 13:45:31+00,用于音频分类增量学习的 Hebbian 深度神经网络,0.0938
8024,7913,X · @dotey,2026-04-22 01:36:40+00,GPT Image 2 提示词：手绘风格信息图卡片模板，主题可替换,8025,7911,X · @dotey,2026-04-22 01:26:37+00,GPT Image 2 提示词：为一个主题生成手绘风信息图卡片,0.0941
8476,8352,X · @OpenAI,2026-04-22 17:45:48+00,ChatGPT 推出 workspace agents，可在工具与团队间共享并处理长流程任务,8625,8473,OpenAI Blog,2026-04-22 10:00:00+00,ChatGPT 推出 workspace agents,0.0945
8764,8850,arXiv · cs.LG,2026-04-23 04:00:00+00,用于解释医疗预测中黑箱 LLM 的替代建模,9512,9463,arXiv · cs.LG,2026-04-24 04:00:00+00,用于解释医疗预测黑盒 LLM 的替代模型,0.0959
8045,8049,TechCrunch AI,2026-04-21 22:58:22+00,SpaceX 与 Cursor 合作，并拥有以 600 亿美元收购这家初创公司的选择权,8380,8178,Bloomberg Technology,2026-04-21 22:25:19+00,SpaceX 达成协议，获以 600 亿美元收购 Cursor 的权利,0.0960
6943,6870,Hacker News Frontpage,2026-04-20 15:36:05+00,Kimi K2.6：推进开源代码能力,6944,6848,Hacker News Frontpage,2026-04-20 15:28:13+00,Kimi K2.6：推进开源编程,0.0961
8045,8049,TechCrunch AI,2026-04-21 22:58:22+00,SpaceX 与 Cursor 合作，并拥有以 600 亿美元收购这家初创公司的选择权,8057,7976,The Verge · AI,2026-04-21 22:45:37+00,SpaceX 达成协议：可能以 600 亿美元收购 Cursor,0.0963
6732,6644,arXiv · cs.LG,2026-04-20 04:00:00+00,ExoNet：用相位折叠光变曲线、恒星参数与多头注意力融合识别 TESS 系外行星候选体,8907,8644,arXiv · cs.LG,2026-04-23 04:00:00+00,ExoNet：用相位折叠光变曲线、恒星参数和多头注意力校准筛选 TESS 系外行星候选体,0.0964
3233,3142,X · @Khazix0918,2026-04-08 11:06:22+00,t.co 链接帖文，正文未披露内容,3305,3143,X · @Khazix0918,2026-04-08 07:52:49+00,https://t.co/hm77NPfrOx,0.0966
8069,8378,arXiv · cs.AI,2026-04-21 17:51:51+00,VLA Foundry：统一训练视觉-语言-动作模型的框架,8235,8222,arXiv · cs.LG,2026-04-22 04:00:00+00,VLA Foundry：统一训练 Vision-Language-Action 模型的框架,0.0974
7436,7264,arXiv · cs.LG,2026-04-21 04:00:00+00,重新审视主动序列预测驱动的均值估计,7887,7721,HuggingFace Papers (takara mirror),2026-04-20 17:55:17+00,重新审视主动序列式预测增强均值估计,0.0977
9193,9124,OpenAI Blog,2026-04-23 10:00:00+00,如何开始使用 Codex,9201,9014,OpenAI Blog,2026-04-23 10:00:00+00,使用 Codex,0.0983
7414,7229,arXiv · cs.LG,2026-04-21 04:00:00+00,Hadamard 流形上的 Horospherical Depth 与 Busemann 中值,7859,7717,HuggingFace Papers (takara mirror),2026-04-20 13:23:57+00,Hadamard 流形上的 Horospherical Depth 与 Busemann Median,0.0988
9526,9378,Bloomberg Technology,2026-04-23 20:01:59+00,Intel 给出强劲 AI 驱动业绩指引，股价大涨,9538,9332,Bloomberg Technology,2026-04-23 20:19:17+00,Intel 的 AI 驱动营收指引高于预期,0.0992
7063,7053,Financial Times · Technology,2026-04-20 21:03:17+00,Apple CEO Tim Cook 将于 9 月把职位交给 John Ternus,7735,7584,Bloomberg Technology,2026-04-20 20:50:33+00,John Ternus 将出任 Apple CEO，Tim Cook 转任执行董事长,0.1007
2464,823,arXiv · cs.LG,2026-04-16 04:00:00+00,浅层 ReLU 网络的完整对称性分类,2682,957,HuggingFace Papers (takara mirror),2026-04-15 16:18:44+00,浅层 ReLU 网络的完整对称性分类,0.1008
9345,9436,arXiv · cs.LG,2026-04-24 04:00:00+00,深度学习将出现一套科学理论,9633,,Hacker News Frontpage,2026-04-24 18:06:05+00,深度学习将出现科学理论,0.1011
8017,7903,X · @dotey,2026-04-22 00:36:54+00,SpaceX 宣布与 AI 编程工具 Cursor 深度合作，并获 600 亿美元收购选择权,8045,8049,TechCrunch AI,2026-04-21 22:58:22+00,SpaceX 与 Cursor 合作，并拥有以 600 亿美元收购这家初创公司的选择权,0.1011
9076,8986,Hacker News Frontpage,2026-04-23 18:55:32+00,"Meta 将裁员 10%，约 8,000 人",9157,9403,The Verge · AI,2026-04-23 19:41:07+00,Meta 将裁员 10% 员工,0.1012
3250,3183,X · @claudeai,2026-04-17 15:03:46+00,Anthropic Labs 推出 Claude Design：用对话生成原型、幻灯片和单页文档,3284,3179,X · @dotey,2026-04-17 17:01:46+00,Anthropic 发布 Claude Design：通过对话生成设计稿,0.1027
7063,7053,Financial Times · Technology,2026-04-20 21:03:17+00,Apple CEO Tim Cook 将于 9 月把职位交给 John Ternus,7733,7456,Bloomberg Technology,2026-04-20 21:28:57+00,Apple 任命 John Ternus 为下一任 CEO，Tim Cook 转任执行董事长,0.1030
3233,3142,X · @Khazix0918,2026-04-08 11:06:22+00,t.co 链接帖文，正文未披露内容,3659,4091,X · @Khazix0918,2026-04-07 03:34:53+00,链接标题未披露,0.1037
3280,3124,X · @dotey,2026-04-18 03:02:21+00,https://t.co/coJnHvLASI,3293,3125,X · @Khazix0918,2026-04-17 03:36:47+00,链接帖，标题未披露,0.1046
6069,6116,NVIDIA Blog,2026-01-08 14:00:00+00,GeForce NOW 在 CES 收官：新增 Linux 支持、Fire TV 应用和飞行摇杆控制,6072,6119,NVIDIA Blog,2026-01-06 05:30:51+00,NVIDIA 推出 Linux PC 和 Amazon Fire TV 版 GeForce NOW 应用，把 GeForce RTX 云游戏扩到更多设备,0.1052
6960,6858,Hacker News Frontpage,2026-04-20 17:24:45+00,终于，InfoWars 归我们了,6961,6861,Hacker News Frontpage,2026-04-20 17:23:58+00,终于，InfoWars 归我们了,0.1057
1714,1317,Dwarkesh Patel,2026-02-05 16:45:08+00,Elon Musk：36个月内，太空将成部署 AI 最便宜的地方,6243,5933,Dwarkesh Patel,2026-02-05 17:02:28+00,Elon Musk：36个月内，部署 AI 最便宜的地方将是太空,0.1067
3598,4224,X · @dotey,2026-04-09 18:12:30+00,OpenAI 调整订阅体系，新增 100 美元/月 Pro 档位,3837,3911,X · @OpenAI,2026-04-09 17:36:50+00,OpenAI 调整 ChatGPT Pro 和 Plus 订阅，以支持 Codex 使用增长,0.1070
8615,8848,arXiv · cs.CL,2026-04-22 17:45:27+00,趋同演化：不同语言模型如何学出相似的数字表征,9597,9500,Hacker News Frontpage,2026-04-24 14:34:23+00,不同语言模型会学到相似的数字表征,0.1076
2386,901,HuggingFace Papers (takara mirror),2026-04-15 15:46:15+00,用于语音识别的扩散语言模型,2513,929,arXiv · cs.LG,2026-04-16 04:00:00+00,用于语音识别的扩散语言模型,0.1079
8710,8436,arXiv · cs.LG,2026-04-23 04:00:00+00,F²LP-AP：带自适应传播核的快速灵活标签传播,9455,9317,HuggingFace Papers (takara mirror),2026-04-22 16:23:17+00,F²LP-AP：用自适应传播核实现快速灵活的标签传播,0.1080
8017,7903,X · @dotey,2026-04-22 00:36:54+00,SpaceX 宣布与 AI 编程工具 Cursor 深度合作，并获 600 亿美元收购选择权,8057,7976,The Verge · AI,2026-04-21 22:45:37+00,SpaceX 达成协议：可能以 600 亿美元收购 Cursor,0.1081
3270,3132,X · @Khazix0918,2026-04-14 02:56:25+00,未披露标题（仅含链接）,3298,3130,X · @Khazix0918,2026-04-13 05:04:21+00,https://t.co/nnEQCW6HJr,0.1081
6604,6718,arXiv · cs.CL,2026-04-17 17:36:21+00,用“洞察”学习非形式定理证明中的推理,6755,6636,arXiv · cs.LG,2026-04-20 04:00:00+00,用“洞察”学习非形式定理证明中的推理,0.1082
2967,1437,TechCrunch AI,2026-04-17 19:17:26+00,消息称 Cursor 正洽谈融资超 20 亿美元，估值 500 亿美元，企业增长加速,3028,1440,Bloomberg Technology,2026-04-17 18:41:18+00,Cursor 洽谈以超 500 亿美元估值融资 20 亿美元,0.1091
3280,3124,X · @dotey,2026-04-18 03:02:21+00,https://t.co/coJnHvLASI,3509,3256,X · @dotey,2026-04-15 23:49:46+00,链接帖，标题未披露,0.1098
9058,8940,X · @OpenAI,2026-04-23 18:06:25+00,OpenAI 发布 GPT-5.5,9196,9121,OpenAI Blog,2026-04-23 11:00:00+00,OpenAI 推出 GPT-5.5,0.1100
8021,7910,X · @Khazix0918,2026-04-22 02:07:40+00,X 帖文链接（正文未披露）,9102,8980,X · @op7418,2026-04-24 01:23:27+00,链接帖，未给出标题,0.1108
2556,848,arXiv · cs.LG,2026-04-16 04:00:00+00,从感觉到指标：理解并形式化用户如何对 LLM 做 vibe-test,4086,3319,arXiv · cs.CL,2026-04-15 17:57:08+00,从感觉到指标：理解并形式化用户如何对 LLM 做 vibe-test,0.1115
2,13,Hacker News Frontpage,2026-04-16 19:00:09+00,AP独家：IEA警告欧洲喷气燃料或在数周内耗尽,6461,6363,Hacker News Frontpage,2026-04-19 18:32:12+00,欧洲“可能只剩六周喷气燃料”,0.1122
1144,967,arXiv · cs.AI,2026-04-15 16:15:25+00,先看后设计：多利益相关方视角下的最优性能-公平权衡,2463,840,arXiv · cs.LG,2026-04-16 04:00:00+00,First-See-Then-Design：面向最优性能—公平性权衡的多利益相关者视角,0.1123
3045,1472,HuggingFace Papers (takara mirror),2026-04-16 15:17:36+00,DiscoTrace：表征并比较人类与 LLM 在信息寻求式问答中的作答策略,4011,3703,arXiv · cs.CL,2026-04-16 15:17:36+00,DiscoTrace：表示并比较人类与 LLM 在信息寻求型问答中的作答策略,0.1133
3293,3125,X · @Khazix0918,2026-04-17 03:36:47+00,链接帖，标题未披露,3509,3256,X · @dotey,2026-04-15 23:49:46+00,链接帖，标题未披露,0.1133
6981,6895,X · @dotey,2026-04-20 21:51:35+00,苹果宣布 CEO 交接：Tim Cook 将于 2026 年 9 月 1 日卸任，John Ternus 接任,7733,7456,Bloomberg Technology,2026-04-20 21:28:57+00,Apple 任命 John Ternus 为下一任 CEO，Tim Cook 转任执行董事长,0.1135
8017,7903,X · @dotey,2026-04-22 00:36:54+00,SpaceX 宣布与 AI 编程工具 Cursor 深度合作，并获 600 亿美元收购选择权,8380,8178,Bloomberg Technology,2026-04-21 22:25:19+00,SpaceX 达成协议，获以 600 亿美元收购 Cursor 的权利,0.1140
3305,3143,X · @Khazix0918,2026-04-08 07:52:49+00,https://t.co/hm77NPfrOx,3778,3808,X · @op7418,2026-04-09 13:11:36+00,https://t.co/ngRt1Pjnb4,0.1154
6497,6402,Hacker News Frontpage,2026-04-20 00:07:16+00,Show HN：TRELLIS.2 图像转 3D 已可在 Mac Silicon 运行，无需 Nvidia GPU,6895,6753,r/LocalLLaMA,2026-04-20 07:10:03+00,TRELLIS.2 图像转 3D 现已可在 Mac（Apple Silicon）运行，无需 NVIDIA GPU,0.1160
3312,3153,X · @OpenAI,2026-04-11 01:41:32+00,OpenAI：Axios 第三方库安全问题促使 macOS 应用更新认证,3569,3678,X · @dotey,2026-04-11 02:16:13+00,OpenAI 发布安全公告：Axios 漏洞触发供应链风险，要求 macOS 用户更新应用,0.1162
7868,7746,HuggingFace Papers (takara mirror),2026-04-20 17:59:08+00,Sessa：选择性状态空间注意力,8291,8240,arXiv · cs.LG,2026-04-22 04:00:00+00,Sessa：选择性状态空间注意力,0.1164
6501,6404,X · @op7418,2026-04-20 01:57:33+00,仅含 t.co 链接的贴文,8021,7910,X · @Khazix0918,2026-04-22 02:07:40+00,X 帖文链接（正文未披露）,0.1168
3305,3143,X · @Khazix0918,2026-04-08 07:52:49+00,https://t.co/hm77NPfrOx,3617,4230,X · @dotey,2026-04-06 07:31:14+00,仅含 t.co 链接,0.1172
6315,3644,r/LocalLLaMA,2026-04-18 15:41:57+00,Kimi K2.6 快来了？,6924,6819,r/LocalLLaMA,2026-04-20 12:20:20+00,Kimi K2.6 要来了,0.1172
2646,650,arXiv · cs.LG,2026-04-16 04:00:00+00,LangFlow：连续扩散在语言建模中可与离散方法抗衡,4262,4179,arXiv · cs.CL,2026-04-13 17:21:41+00,LangFlow：连续扩散在语言建模中逼近离散扩散,0.1173
7030,7161,TechCrunch AI,2026-04-20 23:10:27+00,Anthropic 获得 Amazon 50亿美元投资，并承诺向 AWS 支出1000亿美元,7685,7542,Bloomberg Technology,2026-04-20 20:41:03+00,Amazon 向 Anthropic 追加投资 50 亿美元,0.1173
3233,3142,X · @Khazix0918,2026-04-08 11:06:22+00,t.co 链接帖文，正文未披露内容,3603,3844,X · @dotey,2026-04-08 23:09:35+00,X 链接，标题未披露,0.1179
9528,9361,Bloomberg Technology,2026-04-23 21:18:52+00,Intel 第一季度财报与业绩指引的关键信息,9538,9332,Bloomberg Technology,2026-04-23 20:19:17+00,Intel 的 AI 驱动营收指引高于预期,0.1183
3076,1602,HuggingFace Papers (takara mirror),2026-04-16 05:19:48+00,StoryCoder：用叙事重述提升 LLM 代码生成中的结构化推理,4052,3350,arXiv · cs.CL,2026-04-16 05:19:48+00,StoryCoder：用叙事重写为 LLM 代码生成提供结构化推理,0.1192
1155,1181,arXiv · cs.CL,2026-04-15 17:06:25+00,从权重到激活：Steering 会是适配的下一个前沿吗？,6879,6705,HuggingFace Papers (takara mirror),2026-04-15 17:06:25+00,从权重到激活：Steering 会是适配的下一个前沿吗？,0.1199
2955,2598,The Verge · AI,2026-04-17 21:13:25+00,OpenAI 前 Sora 负责人离职,3026,1444,Bloomberg Technology,2026-04-17 20:35:30+00,OpenAI 前产品负责人和 Sora 负责人离职,0.1201
9137,9422,Financial Times · Technology,2026-04-23 11:25:54+00,50万英国人医疗数据在中国网站上出售,9581,9458,Hacker News Frontpage,2026-04-24 11:09:36+00,UK Biobank 泄露：50万人健康详情在中国网站上出售,0.1204
8006,7890,X · @dotey,2026-04-21 23:12:18+00,GPT Image 2 提示词：把文章/内容转成黑板粉笔风信息图,8007,7895,X · @dotey,2026-04-21 23:09:10+00,GPT Image 2 提示词：把文章内容转成卡通信息图,0.1209
2677,1057,HuggingFace Papers (takara mirror),2026-04-15 10:35:00+00,Co-FactChecker：用大型推理模型做人机协同事实核查的框架,4113,3410,arXiv · cs.CL,2026-04-15 10:35:00+00,Co-FactChecker：用大推理模型做人机协同事实核验的框架,0.1227
3078,1533,HuggingFace Papers (takara mirror),2026-04-16 04:19:48+00,CausalDetox：用于语言模型去毒化的因果头选择与干预,4055,4385,arXiv · cs.CL,2026-04-16 04:19:48+00,CausalDetox：用因果头选择与干预给语言模型去毒,0.1229
54,156,OpenAI Blog,2026-04-10 00:00:00+00,面向销售团队的 ChatGPT,125,151,OpenAI Blog,2026-04-10 00:00:00+00,面向营销团队的 ChatGPT,0.1230
1143,1050,arXiv · cs.AI,2026-04-15 16:58:24+00,TIP：On-Policy 蒸馏中的 Token 重要性,2467,882,arXiv · cs.LG,2026-04-16 04:00:00+00,TIP：On-Policy 蒸馏中的 Token 重要性,0.1232
3632,4353,X · @dotey,2026-04-02 23:44:59+00,https://t.co/XxAkJdHil2,3667,4548,X · @Khazix0918,2026-04-01 09:32:16+00,链接占位，正文未披露,0.1247
7030,7161,TechCrunch AI,2026-04-20 23:10:27+00,Anthropic 获得 Amazon 50亿美元投资，并承诺向 AWS 支出1000亿美元,7947,7801,Hacker News Frontpage,2026-04-21 13:08:25+00,Anthropic 获 Amazon 50亿美元投资，并承诺 10 年内在 AWS 支出超 1000 亿美元,0.1247
3297,3133,X · @Khazix0918,2026-04-15 03:37:15+00,https://t.co/HYoStio00F,3509,3256,X · @dotey,2026-04-15 23:49:46+00,链接帖，标题未披露,0.1249
9178,9122,The Verge · AI,2026-04-23 18:00:00+00,OpenAI称新模型 GPT-5.5 效率更高，编程能力更强,9196,9121,OpenAI Blog,2026-04-23 11:00:00+00,OpenAI 推出 GPT-5.5,0.1252
2537,852,arXiv · cs.LG,2026-04-16 04:00:00+00,一种动态生长模糊神经控制器及其在 3PSP 并联机器人中的应用,2679,969,HuggingFace Papers (takara mirror),2026-04-15 11:48:51+00,动态增长模糊神经控制器：在 3PSP 并联机器人中的应用,0.1252
6974,6891,Hacker News Frontpage,2026-04-20 20:39:32+00,Tim Cook 将任 Apple 执行董事长，John Ternus 将任 Apple CEO,7735,7584,Bloomberg Technology,2026-04-20 20:50:33+00,John Ternus 将出任 Apple CEO，Tim Cook 转任执行董事长,0.1257
6981,6895,X · @dotey,2026-04-20 21:51:35+00,苹果宣布 CEO 交接：Tim Cook 将于 2026 年 9 月 1 日卸任，John Ternus 接任,7063,7053,Financial Times · Technology,2026-04-20 21:03:17+00,Apple CEO Tim Cook 将于 9 月把职位交给 John Ternus,0.1259
2972,1445,TechCrunch AI,2026-04-17 15:00:00+00,Anthropic 推出 Claude Design，用于快速生成视觉内容,3284,3179,X · @dotey,2026-04-17 17:01:46+00,Anthropic 发布 Claude Design：通过对话生成设计稿,0.1269
8014,8317,Hacker News Frontpage,2026-04-21 22:13:18+00,SpaceX称已达成以600亿美元收购 Cursor 的协议,8086,8010,Financial Times · Technology,2026-04-22 00:39:24+00,SpaceX 获得以 600 亿美元收购 AI 初创公司 Cursor 的权利,0.1271
141,137,OpenAI Blog,2026-04-06 10:00:00+00,OpenAI 宣布推出 Safety Fellowship,3838,4193,X · @OpenAI,2026-04-06 17:12:57+00,OpenAI 推出 Safety Fellowship，支持 AI 安全与对齐独立研究,0.1274
8431,8318,r/LocalLLaMA,2026-04-22 13:09:55+00,Qwen 3.6 27B 已发布,8437,8305,r/LocalLLaMA,2026-04-22 13:14:48+00,Qwen3.6-27B 已发布,0.1274
3613,4139,X · @dotey,2026-04-07 02:24:40+00,t.co 链接占位，正文未披露,3659,4091,X · @Khazix0918,2026-04-07 03:34:53+00,链接标题未披露,0.1275
1027,1179,Ben's Bites,2026-04-02 13:02:42+00,泄露的 Claude Code 文件内部情况,1140,1196,Latent Space,2026-04-01 06:24:21+00,[AINews] Claude Code 源码泄露,0.1279
3541,3358,X · @dotey,2026-04-14 07:25:24+00,链接帖，标题未披露,3565,3565,X · @dotey,2026-04-12 08:12:00+00,链接帖：正文未披露内容,0.1282
6209,5587,Bloomberg Technology,2026-03-06 23:16:48+00,Oracle 与 OpenAI 终止扩建旗舰数据中心计划,6214,5671,Bloomberg Technology,2026-03-06 20:46:52+00,OpenAI 与 Oracle 不再扩建得州旗舰 AI 数据中心,0.1283
7238,7184,arXiv · cs.LG,2026-04-21 04:00:00+00,FSEVAL：特征选择评测工具箱与可视化仪表板,7851,7716,HuggingFace Papers (takara mirror),2026-04-20 13:11:25+00,FSEVAL：特征选择评估工具箱与仪表板,0.1289
3255,3176,X · @claudeai,2026-04-10 18:25:35+00,Claude for Word 现已进入测试版,3580,3704,X · @dotey,2026-04-10 21:21:15+00,Anthropic 推出 Claude for Word 测试版插件,0.1291
121,88,arXiv · cs.AI,2026-04-15 17:59:01+00,从 P(y|x) 到 P(y)：考察预训练空间中的强化学习,2472,868,arXiv · cs.LG,2026-04-16 04:00:00+00,从 P(y|x) 到 P(y)：研究预训练空间中的强化学习,0.1294
7976,7857,X · @OpenAI,2026-04-21 19:01:42+00,用 ChatGPT Images 2.0 制作,7990,7873,X · @OpenAI,2026-04-21 19:22:40+00,发布 ChatGPT Images 2.0,0.1304
3298,3130,X · @Khazix0918,2026-04-13 05:04:21+00,https://t.co/nnEQCW6HJr,3557,3521,X · @dotey,2026-04-12 22:57:29+00,链接帖，正文未披露内容,0.1304
9102,8980,X · @op7418,2026-04-24 01:23:27+00,链接帖，未给出标题,9115,9002,X · @Khazix0918,2026-04-24 04:01:52+00,https://t.co/13Dw7x4ogX,0.1306
6981,6895,X · @dotey,2026-04-20 21:51:35+00,苹果宣布 CEO 交接：Tim Cook 将于 2026 年 9 月 1 日卸任，John Ternus 接任,7713,7455,New York Times Chinese,2026-04-21 02:37:02+00,库克将卸任苹果首席执行官,0.1310
8014,8317,Hacker News Frontpage,2026-04-21 22:13:18+00,SpaceX称已达成以600亿美元收购 Cursor 的协议,8045,8049,TechCrunch AI,2026-04-21 22:58:22+00,SpaceX 与 Cursor 合作，并拥有以 600 亿美元收购这家初创公司的选择权,0.1313
7730,7577,Bloomberg Technology,2026-04-20 22:02:59+00,Google押注新推理芯片，挑战 Nvidia,7736,7543,Bloomberg Technology,2026-04-20 20:32:30+00,Google 将发布新 AI 芯片，挑战 Nvidia｜Bloomberg Tech 2026/4/20,0.1313
8573,8556,TechCrunch AI,2026-04-22 16:58:27+00,Google 面向企业推出 Gemini Enterprise Agent Platform，目标用户偏 IT 和技术团队,9172,9008,Product Hunt · AI,2026-04-22 16:14:59+00,Gemini 企业级 Agent 平台,0.1322
8043,8251,TechCrunch AI,2026-04-21 23:45:21+00,Meta 将记录员工击键，并用于训练其 AI 模型,8608,8508,The Verge · AI,2026-04-22 14:22:35+00,Meta 将追踪员工电脑操作以训练其 AI agents,0.1323
9113,8989,r/LocalLLaMA,2026-04-24 03:14:12+00,DeepSeek V4 已发布,9114,8995,r/LocalLLaMA,2026-04-24 03:05:20+00,DeepSeek V4 要来了,0.1329
2703,525,Latent Space,2026-04-17 01:36:17+00,[AINews] Anthropic Claude Opus 4.7：各维度都比 4.6 高一档,3507,3255,X · @dotey,2026-04-16 14:59:24+00,Anthropic 正式发布 Claude Opus 4.7，价格维持不变,0.1331
7426,7321,arXiv · cs.LG,2026-04-21 04:00:00+00,平滑图函数的谱老虎机,7879,7718,HuggingFace Papers (takara mirror),2026-04-20 15:39:22+00,平滑图函数的谱 bandit,0.1335
6974,6891,Hacker News Frontpage,2026-04-20 20:39:32+00,Tim Cook 将任 Apple 执行董事长，John Ternus 将任 Apple CEO,6981,6895,X · @dotey,2026-04-20 21:51:35+00,苹果宣布 CEO 交接：Tim Cook 将于 2026 年 9 月 1 日卸任，John Ternus 接任,0.1343
2106,599,Hacker News Frontpage,2026-04-16 19:24:50+00,用于生命科学研究的 GPT‑Rosalind,3309,3702,X · @OpenAI,2026-04-16 19:33:13+00,OpenAI 推出 GPT-Rosalind，用于支持生物学、药物发现和转化医学研究,0.1349
6289,5839,Computing Life (鸭哥 / grapeot),2026-02-15 07:00:00+00,OpenClaw 深度分析：它为何突然爆火，以及对我们的启示,6290,6273,Computing Life (鸭哥 / grapeot),2026-02-15 06:00:00+00,OpenClaw 深度解析：它为何爆红，以及这对你意味着什么,0.1355
3107,1753,HuggingFace Papers (takara mirror),2026-04-16 09:30:28+00,LLM 谬误：AI 辅助认知工作流中的误归因,4036,3439,arXiv · cs.CL,2026-04-16 09:30:28+00,LLM 谬误：AI 辅助认知工作流中的错误归因,0.1369
8000,7900,Hacker News Frontpage,2026-04-21 21:03:04+00,Anthropic 将 Claude Code 移出 Pro 计划,8010,7892,Hacker News Frontpage,2026-04-21 22:36:24+00,Claude Code 不再包含在 Pro 层级中,0.1373
6381,5415,The Verge · AI,2026-04-18 21:08:45+00,RAM 短缺可能持续多年,6631,6522,Synced (机器之心) · WeChat,2026-04-19 04:29:00+00,内存短缺可能持续到2030年,0.1376
2972,1445,TechCrunch AI,2026-04-17 15:00:00+00,Anthropic 推出 Claude Design，用于快速生成视觉内容,3250,3183,X · @claudeai,2026-04-17 15:03:46+00,Anthropic Labs 推出 Claude Design：用对话生成原型、幻灯片和单页文档,0.1377
7990,7873,X · @OpenAI,2026-04-21 19:22:40+00,发布 ChatGPT Images 2.0,7993,7905,X · @OpenAI,2026-04-21 20:44:49+00,ChatGPT Images 2.0 为何被称为最先进图像生成模型？,0.1380
9125,9130,Financial Times · Technology,2026-04-23 22:41:33+00,Intel 因预测 AI 数据中心带动营收激增，股价上涨 20%,9526,9378,Bloomberg Technology,2026-04-23 20:01:59+00,Intel 给出强劲 AI 驱动业绩指引，股价大涨,0.1383
7976,7857,X · @OpenAI,2026-04-21 19:01:42+00,用 ChatGPT Images 2.0 制作,8538,8557,OpenAI Blog,2026-04-21 12:00:00+00,推出 ChatGPT Images 2.0,0.1387
8325,8069,arXiv · cs.LG,2026-04-22 04:00:00+00,当 Langevin Monte Carlo 遇上随机化：突破对数凹与梯度 Lipschitz 的非渐近误差界,9485,9213,arXiv · cs.LG,2026-04-24 04:00:00+00,当 Langevin Monte Carlo 遇到随机化：超越对数凹与梯度 Lipschitz 的新采样算法及非渐近误差界,0.1387
3280,3124,X · @dotey,2026-04-18 03:02:21+00,https://t.co/coJnHvLASI,3297,3133,X · @Khazix0918,2026-04-15 03:37:15+00,https://t.co/HYoStio00F,0.1387
7993,7905,X · @OpenAI,2026-04-21 20:44:49+00,ChatGPT Images 2.0 为何被称为最先进图像生成模型？,8538,8557,OpenAI Blog,2026-04-21 12:00:00+00,推出 ChatGPT Images 2.0,0.1388
8476,8352,X · @OpenAI,2026-04-22 17:45:48+00,ChatGPT 推出 workspace agents，可在工具与团队间共享并处理长流程任务,8623,8424,OpenAI Blog,2026-04-22 10:00:00+00,Workspace agents,0.1392
3918,5823,MIT Technology Review,2026-02-12 11:00:00+00,为什么电动车正在非洲站稳脚跟,3922,5893,MIT Technology Review,2026-02-11 10:00:00+00,到2040年，电动车在非洲的持有成本或低于燃油车,0.1396
6975,6907,Hacker News Frontpage,2026-04-20 20:35:54+00,Apple CEO Tim Cook 将卸任，John Ternus 接任,6981,6895,X · @dotey,2026-04-20 21:51:35+00,苹果宣布 CEO 交接：Tim Cook 将于 2026 年 9 月 1 日卸任，John Ternus 接任,0.1404
8300,8296,Computing Life · Share (鸭哥 research reports),2026-04-21 00:00:00+00,老马要买 Cursor：600 亿收购、100 亿合作，与科技圈流行的买人不买壳,8380,8178,Bloomberg Technology,2026-04-21 22:25:19+00,SpaceX 达成协议，获以 600 亿美元收购 Cursor 的权利,0.1407
116,264,OpenAI Blog,2026-04-16 00:00:00+00,OpenAI 推出面向生命科学研究的 GPT-Rosalind,2106,599,Hacker News Frontpage,2026-04-16 19:24:50+00,用于生命科学研究的 GPT‑Rosalind,0.1408
4,12,Hacker News Frontpage,2026-04-16 17:12:19+00,Codex 覆盖近乎整个软件开发流程,3439,3382,X · @dotey,2026-04-16 17:30:01+00,Codex 大更新：从写代码工具变成能操作电脑的助手,0.1408
8048,8036,TechCrunch AI,2026-04-21 19:00:00+00,ChatGPT 新版 Images 2.0 模型生成文字的能力出人意料地强,8538,8557,OpenAI Blog,2026-04-21 12:00:00+00,推出 ChatGPT Images 2.0,0.1408
3298,3130,X · @Khazix0918,2026-04-13 05:04:21+00,https://t.co/nnEQCW6HJr,3509,3256,X · @dotey,2026-04-15 23:49:46+00,链接帖，标题未披露,0.1411
3604,4087,X · @dotey,2026-04-08 18:41:01+00,Anthropic 发布 Claude Managed Agents 托管式 Agent 构建与部署 API，已开放公测,3782,3903,X · @op7418,2026-04-09 02:01:13+00,Anthropic 发布云端托管 Agent 基础设施 Claude Managed Agents,0.1414
8484,8370,X · @dotey,2026-04-22 20:04:06+00,OpenAI 发布 ChatGPT“工作区智能体”，可在企业工具间自动执行工作流,8604,8502,The Verge · AI,2026-04-22 20:09:02+00,OpenAI 现允许团队创建可自主完成工作的定制机器人,0.1415
3300,3137,X · @Khazix0918,2026-04-10 07:38:03+00,https://t.co/Pr4KgEDAAU,3557,3521,X · @dotey,2026-04-12 22:57:29+00,链接帖，正文未披露内容,0.1415
9068,8952,X · @dotey,2026-04-23 18:52:31+00,OpenAI 发布 GPT-5.5，向 ChatGPT 付费企业用户开放并同步上线 Codex,9092,8979,X · @Khazix0918,2026-04-23 23:29:33+00,GPT-5.5 上线，OpenAI 重回 SOTA？,0.1420
8457,8333,r/LocalLLaMA,2026-04-22 14:33:03+00,腾讯、阿里巴巴据称洽谈投资 DeepSeek，估值逾 200 亿美元,8977,8743,Bloomberg Technology,2026-04-22 11:39:51+00,腾讯、阿里巴巴洽谈加入 DeepSeek 首轮融资,0.1422
10,19,Hacker News Frontpage,2026-04-16 13:36:27+00,Qwen3.6-35B-A3B：面向所有人的开源代理式编程模型,23,29,r/LocalLLaMA,2026-04-16 13:27:39+00,Qwen3.6-35B-A3B 已发布,0.1425
6959,6871,r/LocalLLaMA,2026-04-20 18:13:06+00,Qwen3.6 35b-a3b 与 Gemma4 26b-a4b-it 的外行对比,7803,7494,r/LocalLLaMA,2026-04-21 03:35:13+00,Gemma 4 对比 Qwen3.5 122A10：真实使用体验,0.1425
3632,4353,X · @dotey,2026-04-02 23:44:59+00,https://t.co/XxAkJdHil2,3640,4487,X · @dotey,2026-04-02 04:19:33+00,https://t.co/2sO5PM4Abd,0.1427
2391,825,arXiv · cs.LG,2026-04-16 04:00:00+00,t-SNE 的一些理论局限,7768,7510,HuggingFace Papers (takara mirror),2026-04-14 20:56:16+00,t-SNE 的一些理论局限,0.1428
3293,3125,X · @Khazix0918,2026-04-17 03:36:47+00,链接帖，标题未披露,6501,6404,X · @op7418,2026-04-20 01:57:33+00,仅含 t.co 链接的贴文,0.1434
8418,8288,Hacker News Frontpage,2026-04-22 09:52:52+00,Windows 9x Linux 子系统,8454,8335,Hacker News Frontpage,2026-04-22 15:53:33+00,Linux 的 Windows 9x 子系统 WSL9x,0.1436
3270,3132,X · @Khazix0918,2026-04-14 02:56:25+00,未披露标题（仅含链接）,3557,3521,X · @dotey,2026-04-12 22:57:29+00,链接帖，正文未披露内容,0.1437
3658,4075,X · @Khazix0918,2026-04-07 08:38:35+00,AI FUT大会倒计时最后一天,3663,4287,X · @Khazix0918,2026-04-04 11:23:25+00,AI FUT大会倒计时4天,0.1438
2689,873,HuggingFace Papers (takara mirror),2026-04-15 15:03:33+00,Causal Drawbridges：刻画 Transformer 语言模型中句法岛的梯度阻断,4098,3265,arXiv · cs.CL,2026-04-15 15:03:33+00,Causal Drawbridges：刻画 Transformer 语言模型对句法岛的梯度阻断,0.1439
1136,960,arXiv · cs.AI,2026-04-15 17:57:08+00,从感觉到指标：理解并形式化用户如何对 LLM 做 vibe-test,4086,3319,arXiv · cs.CL,2026-04-15 17:57:08+00,从感觉到指标：理解并形式化用户如何对 LLM 做 vibe-test,0.1445
8266,8256,arXiv · cs.LG,2026-04-22 04:00:00+00,PROPER：用知识缺口导航评测并改进主动式助手,9434,9322,arXiv · cs.LG,2026-04-24 04:00:00+00,PROPER Agents：用知识缺口导航推进主动式个性化代理,0.1448
3667,4548,X · @Khazix0918,2026-04-01 09:32:16+00,链接占位，正文未披露,3822,4553,X · @op7418,2026-04-01 10:37:17+00,链接内容未披露,0.1450
2393,710,arXiv · cs.LG,2026-04-16 04:00:00+00,超越均匀采样：协同主动学习与输入去噪提升鲁棒神经算子,3386,3197,HuggingFace Papers (takara mirror),2026-04-14 21:43:09+00,超越均匀采样：协同主动学习与输入去噪，提升 Neural Operators 鲁棒性,0.1451
7985,7869,X · @dotey,2026-04-21 19:42:58+00,OpenAI 发布 ChatGPT Images 2.0，今天起向所有 ChatGPT 和 Codex 用户开放,8538,8557,OpenAI Blog,2026-04-21 12:00:00+00,推出 ChatGPT Images 2.0,0.1451
5218,5858,36Kr (direct RSS),2026-02-10 07:04:00+00,工信部等5部门：按需推进低空场景通信网络覆盖,5397,5897,36Kr (direct RSS),2026-02-10 06:55:45+00,工信部等5部门：加强低空装备与低空信息通信融合创新及设备研发,0.1451
7060,6978,Financial Times · Technology,2026-04-21 01:06:38+00,Bezos 的 AI 实验室在融资交易中接近 380 亿美元估值,9532,9369,Bloomberg Technology,2026-04-23 20:40:11+00,Bezos 的 Physical AI 实验室完成融资，估值 380 亿美元,0.1455
6974,6891,Hacker News Frontpage,2026-04-20 20:39:32+00,Tim Cook 将任 Apple 执行董事长，John Ternus 将任 Apple CEO,7733,7456,Bloomberg Technology,2026-04-20 21:28:57+00,Apple 任命 John Ternus 为下一任 CEO，Tim Cook 转任执行董事长,0.1456
6973,6878,Hacker News Frontpage,2026-04-20 20:58:08+00,Tim Cook 将卸任 Apple CEO，John Ternus 接任,6974,6891,Hacker News Frontpage,2026-04-20 20:39:32+00,Tim Cook 将任 Apple 执行董事长，John Ternus 将任 Apple CEO,0.1458
54,156,OpenAI Blog,2026-04-10 00:00:00+00,面向销售团队的 ChatGPT,126,108,OpenAI Blog,2026-04-10 00:00:00+00,面向客户成功团队的 ChatGPT,0.1463
8623,8424,OpenAI Blog,2026-04-22 10:00:00+00,Workspace agents,8625,8473,OpenAI Blog,2026-04-22 10:00:00+00,ChatGPT 推出 workspace agents,0.1464
6973,6878,Hacker News Frontpage,2026-04-20 20:58:08+00,Tim Cook 将卸任 Apple CEO，John Ternus 接任,6981,6895,X · @dotey,2026-04-20 21:51:35+00,苹果宣布 CEO 交接：Tim Cook 将于 2026 年 9 月 1 日卸任，John Ternus 接任,0.1465
8021,7910,X · @Khazix0918,2026-04-22 02:07:40+00,X 帖文链接（正文未披露）,9115,9002,X · @Khazix0918,2026-04-24 04:01:52+00,https://t.co/13Dw7x4ogX,0.1466
8476,8352,X · @OpenAI,2026-04-22 17:45:48+00,ChatGPT 推出 workspace agents，可在工具与团队间共享并处理长流程任务,8484,8370,X · @dotey,2026-04-22 20:04:06+00,OpenAI 发布 ChatGPT“工作区智能体”，可在企业工具间自动执行工作流,0.1466
9058,8940,X · @OpenAI,2026-04-23 18:06:25+00,OpenAI 发布 GPT-5.5,9059,8951,Hacker News Frontpage,2026-04-23 18:01:39+00,发布 GPT-5.5,0.1470
7923,7767,Bloomberg Technology,2026-04-21 06:36:30+00,Apple押注新任CEO John Ternus重拾乔布斯时代的决断力,8396,8242,Bloomberg Technology,2026-04-21 19:52:00+00,Apple CEO 交接：硬件、AI 与中国 | Bloomberg Tech 2026/4/21,0.1470
9097,8982,r/LocalLLaMA,2026-04-24 00:38:29+00,Qwen 3.6 27B IQ4_XS 在 RTX 5060 Ti 16GB 上达 22 tok/s，支持 24k 上下文,9580,9468,r/LocalLLaMA,2026-04-24 11:02:37+00,RTX 5070 Ti 16GB + 32GB RAM 运行 Qwen3.6-35B-A3B Q8_0，128K 上下文达 44 t/s,0.1479
9125,9130,Financial Times · Technology,2026-04-23 22:41:33+00,Intel 因预测 AI 数据中心带动营收激增，股价上涨 20%,9538,9332,Bloomberg Technology,2026-04-23 20:19:17+00,Intel 的 AI 驱动营收指引高于预期,0.1484
8000,7900,Hacker News Frontpage,2026-04-21 21:03:04+00,Anthropic 将 Claude Code 移出 Pro 计划,8013,7902,X · @dotey,2026-04-21 23:21:26+00,Anthropic 在定价页移除 Claude Code 的 Pro 套餐包含项，未发公告,0.1487
2512,875,arXiv · cs.LG,2026-04-16 04:00:00+00,C2：从二元偏好扩展的量表增强奖励建模,4120,3545,arXiv · cs.CL,2026-04-15 08:33:55+00,C2：从二元偏好扩展的可扩展量表增强奖励建模,0.1499
6784,6726,arXiv · cs.LG,2026-04-20 04:00:00+00,用上下文蒸馏与自一致性级联降低 LLM Agent 成本的免训练方法,7514,7241,arXiv · cs.LG,2026-04-21 04:00:00+00,推理时蒸馏：无需微调或手工提示的低成本 Agent,0.1501
3603,3844,X · @dotey,2026-04-08 23:09:35+00,X 链接，标题未披露,3659,4091,X · @Khazix0918,2026-04-07 03:34:53+00,链接标题未披露,0.1504
8547,8481,Financial Times · Technology,2026-04-22 15:00:09+00,AI 乒乓球机器人在里程碑式进展中击败人类,8605,8749,The Verge · AI,2026-04-22 17:43:38+00,看 Sony 的 Ace 乒乓机器人击败顶尖选手,0.1505
2547,735,arXiv · cs.LG,2026-04-16 04:00:00+00,用于电网运行的分层强化学习与运行时安全屏蔽,2668,962,HuggingFace Papers (takara mirror),2026-04-15 16:11:10+00,用于电网运行的分层强化学习与运行时安全屏蔽,0.1510
9059,8951,Hacker News Frontpage,2026-04-23 18:01:39+00,发布 GPT-5.5,9196,9121,OpenAI Blog,2026-04-23 11:00:00+00,OpenAI 推出 GPT-5.5,0.1514
2301,412,Bloomberg Technology,2026-04-16 20:03:30+00,Netflix 业绩预期未达标，Reed Hastings 卸任,3035,1387,Bloomberg Technology,2026-04-17 17:54:49+00,Netflix股价因疲弱业绩指引下跌；Hastings卸任,0.1515
8479,8381,Hacker News Frontpage,2026-04-22 18:04:07+00,OpenAI 面向企业推出 Workspace agents,8484,8370,X · @dotey,2026-04-22 20:04:06+00,OpenAI 发布 ChatGPT“工作区智能体”，可在企业工具间自动执行工作流,0.1516
2107,788,Hacker News Frontpage,2026-04-16 18:39:59+00,Android CLI 与 skills：用任意 agent 将 Android 应用开发提速 3 倍,3321,3210,Product Hunt · AI,2026-04-16 19:10:08+00,Android CLI,0.1523
3270,3132,X · @Khazix0918,2026-04-14 02:56:25+00,未披露标题（仅含链接）,3509,3256,X · @dotey,2026-04-15 23:49:46+00,链接帖，标题未披露,0.1524
3282,3122,X · @dotey,2026-04-18 02:09:57+00,链接内容未披露,3293,3125,X · @Khazix0918,2026-04-17 03:36:47+00,链接帖，标题未披露,0.1524
8025,7911,X · @dotey,2026-04-22 01:26:37+00,GPT Image 2 提示词：为一个主题生成手绘风信息图卡片,9099,8983,X · @dotey,2026-04-24 01:51:44+00,GPT Image 2 提示词：单页手绘教育信息图,0.1526
1137,1003,arXiv · cs.AI,2026-04-15 17:50:56+00,LLM 表征中的反问句：一项线性探针研究,2555,1747,arXiv · cs.LG,2026-04-16 04:00:00+00,LLM 表征中的反问句：一项线性探针研究,0.1526
7852,7774,Financial Times · Technology,2026-04-21 08:45:31+00,Apple 下一任掌门人 Ternus 面临 AI 关键考验,8396,8242,Bloomberg Technology,2026-04-21 19:52:00+00,Apple CEO 交接：硬件、AI 与中国 | Bloomberg Tech 2026/4/21,0.1530
80,237,TechCrunch AI,2026-04-15 18:22:13+00,Google 推出原生 Gemini Mac 应用,93,375,The Verge · AI,2026-04-15 18:10:15+00,Google 在 Mac 上推出 Gemini AI 应用,0.1533
2301,412,Bloomberg Technology,2026-04-16 20:03:30+00,Netflix 业绩预期未达标，Reed Hastings 卸任,3027,1367,Bloomberg Technology,2026-04-17 19:56:20+00,Netflix 因业绩预期后下跌；Reed Hastings 退出 | Bloomberg Tech 2026/4/17,0.1533
8471,8356,Hacker News Frontpage,2026-04-22 17:47:07+00,ChatGPT 推出工作区代理,8625,8473,OpenAI Blog,2026-04-22 10:00:00+00,ChatGPT 推出 workspace agents,0.1534
9058,8940,X · @OpenAI,2026-04-23 18:06:25+00,OpenAI 发布 GPT-5.5,9068,8952,X · @dotey,2026-04-23 18:52:31+00,OpenAI 发布 GPT-5.5，向 ChatGPT 付费企业用户开放并同步上线 Codex,0.1537
2972,1445,TechCrunch AI,2026-04-17 15:00:00+00,Anthropic 推出 Claude Design，用于快速生成视觉内容,3334,3455,Product Hunt · AI,2026-04-17 15:21:45+00,Anthropic Labs 推出 Claude Design,0.1540
3282,3122,X · @dotey,2026-04-18 02:09:57+00,链接内容未披露,3509,3256,X · @dotey,2026-04-15 23:49:46+00,链接帖，标题未披露,0.1542
8053,8026,TechCrunch AI,2026-04-21 15:02:06+00,YouTube 将 AI 肖像检测技术扩展至名人,8061,8244,The Verge · AI,2026-04-21 17:30:24+00,名人将可在 YouTube 查找并申请删除 AI 深度伪造内容,0.1542
2885,1461,QbitAI (量子位) · WeChat,2026-04-17 03:15:00+00,今年最火的AI产品，不止龙虾｜榜单申报中,6539,6462,QbitAI (量子位) · WeChat,2026-04-18 11:51:00+00,今年最火的AI产品，不止龙虾｜榜单申报中,0.1543
2506,939,arXiv · cs.LG,2026-04-16 04:00:00+00,通过基于梯度的流形优化进行联合表征学习与聚类,2676,1070,HuggingFace Papers (takara mirror),2026-04-15 05:18:27+00,基于梯度的流形优化联合表征学习与聚类,0.1544
9143,9049,TechCrunch AI,2026-04-23 18:29:29+00,OpenAI 发布 GPT-5.5，向 AI“超级应用”再近一步,9178,9122,The Verge · AI,2026-04-23 18:00:00+00,OpenAI称新模型 GPT-5.5 效率更高，编程能力更强,0.1544
6144,6296,Bloomberg Technology,2026-01-29 22:15:55+00,Elon Musk 的 SpaceX 据称考虑与 Tesla 或 xAI 合并,6165,5951,Bloomberg Technology,2026-01-29 19:30:43+00,路透：SpaceX 在 IPO 前与 xAI 洽谈合并,0.1544
3976,5702,MIT Technology Review,2026-03-02 17:29:42+00,OpenAI 与五角大楼的“折中”，正是 Anthropic 担心的结果,6173,5796,Bloomberg Technology,2026-02-28 04:14:43+00,OpenAI为五角大楼合作辩护，称安全性高于Anthropic,0.1544
2767,1255,Computing Life (鸭哥 / grapeot),2026-03-31 05:00:00+00,一行代码的事，Web 为什么做了三十年还没做到,2768,1190,Computing Life (鸭哥 / grapeot),2026-03-31 04:00:00+00,其他平台一行代码就能做，Web 为何 30 年后还做不到？,0.1545
6653,6421,arXiv · cs.LG,2026-04-20 04:00:00+00,通过概率语言 Trie 做顺序 KV 缓存压缩：突破逐向量 Shannon 极限,7004,7131,Hacker News Frontpage,2026-04-21 02:11:14+00,通过概率语言 Trie 顺序压缩 KV Cache：突破逐向量香农极限,0.1547
2771,1291,Computing Life (鸭哥 / grapeot),2026-03-03 20:00:00+00,用好 AI 的第一步：停止和 AI 聊天,2772,1290,Computing Life (鸭哥 / grapeot),2026-03-03 20:00:00+00,用好 AI 的第一步：别再和 AI 聊天,0.1547
8543,8415,Financial Times · Technology,2026-04-22 23:30:15+00,Tesla将支出计划提高至250亿美元，Musk加码AI押注,8597,8463,TechCrunch AI,2026-04-22 23:56:52+00,Tesla将支出计划上调至250亿美元——资金投向何处,0.1556
7983,7854,Hacker News Frontpage,2026-04-21 17:40:39+00,Meta 采集员工鼠标轨迹和击键数据，用作 AI 训练数据,8043,8251,TechCrunch AI,2026-04-21 23:45:21+00,Meta 将记录员工击键，并用于训练其 AI 模型,0.1558
2748,518,Dwarkesh Patel,2026-04-17 01:50:55+00,黄仁勋为向中国销售芯片辩护,2749,403,Dwarkesh Patel,2026-04-15 23:34:03+00,Jensen Huang 反击对华芯片禁令,0.1558
3621,4260,X · @dotey,2026-04-05 05:13:58+00,链接帖：标题未披露,3632,4353,X · @dotey,2026-04-02 23:44:59+00,https://t.co/XxAkJdHil2,0.1560
3640,4487,X · @dotey,2026-04-02 04:19:33+00,https://t.co/2sO5PM4Abd,3667,4548,X · @Khazix0918,2026-04-01 09:32:16+00,链接占位，正文未披露,0.1569
8507,8397,X · @dotey,2026-04-23 00:51:04+00,微软将 Copilot Agent Mode 设为 Word、Excel、PowerPoint 默认体验,9181,9066,The Verge · AI,2026-04-23 11:34:18+00,Microsoft 在 Word、Excel 和 PowerPoint 推出“vibe working”,0.1572
213,1594,OpenAI Blog,2026-02-05 00:00:00+00,推出 GPT-5.3-Codex,214,1332,OpenAI Blog,2026-02-05 00:00:00+00,GPT-5.3-Codex 系统卡,0.1574
3284,3179,X · @dotey,2026-04-17 17:01:46+00,Anthropic 发布 Claude Design：通过对话生成设计稿,3334,3455,Product Hunt · AI,2026-04-17 15:21:45+00,Anthropic Labs 推出 Claude Design,0.1575
7852,7774,Financial Times · Technology,2026-04-21 08:45:31+00,Apple 下一任掌门人 Ternus 面临 AI 关键考验,8063,8214,The Verge · AI,2026-04-21 13:37:55+00,John Ternus 的第一个大问题是 AI,0.1575
7923,7767,Bloomberg Technology,2026-04-21 06:36:30+00,Apple押注新任CEO John Ternus重拾乔布斯时代的决断力,8403,8193,Bloomberg Technology,2026-04-21 18:25:49+00,Apple新任CEO能交付吗？,0.1576
8044,8025,TechCrunch AI,2026-04-21 23:26:45+00,报告称未授权团体已获取 Anthropic 专属网络工具 Mythos,8389,8146,Bloomberg Technology,2026-04-21 21:41:21+00,Anthropic 的 Mythos 模型被未授权用户访问,0.1579
7985,7869,X · @dotey,2026-04-21 19:42:58+00,OpenAI 发布 ChatGPT Images 2.0，今天起向所有 ChatGPT 和 Codex 用户开放,7990,7873,X · @OpenAI,2026-04-21 19:22:40+00,发布 ChatGPT Images 2.0,0.1580
2527,921,arXiv · cs.LG,2026-04-16 04:00:00+00,校准式推测解码：用频率引导候选选择提升推理效率,4117,4653,arXiv · cs.CL,2026-04-15 09:01:54+00,校准式投机解码：用频率引导候选选择提升推理效率,0.1580
6967,6877,X · @dotey,2026-04-20 19:56:00+00,OpenAI 为 Codex 增加 Chronicle，可读取屏幕上下文,8562,8528,AI Era (新智元) · WeChat,2026-04-21 11:02:00+00,OpenAI 为 Codex 上线 Chronicle 研究预览：可读取屏幕上下文,0.1582
9,17,Hacker News Frontpage,2026-04-16 14:23:50+00,发布 Claude Opus 4.7,3507,3255,X · @dotey,2026-04-16 14:59:24+00,Anthropic 正式发布 Claude Opus 4.7，价格维持不变,0.1584
8970,8847,Bloomberg Technology,2026-04-22 22:46:18+00,SK Hynix 利润飙升，但“超级周期”争议压过利好,8981,8836,Bloomberg Technology,2026-04-22 23:53:21+00,SK Hynix 因 AI 芯片涨价季度利润跳增,0.1588
8090,8021,Financial Times · Technology,2026-04-21 19:01:32+00,顶级律所 Sullivan & Cromwell 承认 AI 产生“幻觉”,8395,8223,Bloomberg Technology,2026-04-21 20:38:34+00,顶级律所因 AI 幻觉向破产法官致歉,0.1595
2428,1109,arXiv · cs.LG,2026-04-16 04:00:00+00,（如何）用学习率调节灾难性过训练,4118,4064,arXiv · cs.CL,2026-04-15 08:53:42+00,（以及为何）学习率会调节灾难性过度训练,0.1596
6913,6800,r/LocalLLaMA,2026-04-20 09:31:49+00,Qwen 3.5 122B 对比 Qwen 3.6 35B：该选哪个？,8452,8349,r/LocalLLaMA,2026-04-22 14:11:15+00,Qwen 3.6 35B A3B 对比 Qwen 3.5 122B A10B,0.1596
8088,8195,Financial Times · Technology,2026-04-21 23:56:26+00,Anthropic 调查强大 Mythos AI 模型的未授权访问,8389,8146,Bloomberg Technology,2026-04-21 21:41:21+00,Anthropic 的 Mythos 模型被未授权用户访问,0.1601
2845,688,Hacker News Frontpage,2026-04-17 15:04:09+00,Anthropic Labs 推出 Claude Design,3284,3179,X · @dotey,2026-04-17 17:01:46+00,Anthropic 发布 Claude Design：通过对话生成设计稿,0.1603
7852,7774,Financial Times · Technology,2026-04-21 08:45:31+00,Apple 下一任掌门人 Ternus 面临 AI 关键考验,7923,7767,Bloomberg Technology,2026-04-21 06:36:30+00,Apple押注新任CEO John Ternus重拾乔布斯时代的决断力,0.1604
2603,988,HuggingFace Papers (takara mirror),2026-04-15 08:33:55+00,C2：从二元偏好进行可扩展的量表增强奖励建模,4120,3545,arXiv · cs.CL,2026-04-15 08:33:55+00,C2：从二元偏好扩展的可扩展量表增强奖励建模,0.1609
116,264,OpenAI Blog,2026-04-16 00:00:00+00,OpenAI 推出面向生命科学研究的 GPT-Rosalind,3309,3702,X · @OpenAI,2026-04-16 19:33:13+00,OpenAI 推出 GPT-Rosalind，用于支持生物学、药物发现和转化医学研究,0.1616
9143,9049,TechCrunch AI,2026-04-23 18:29:29+00,OpenAI 发布 GPT-5.5，向 AI“超级应用”再近一步,9196,9121,OpenAI Blog,2026-04-23 11:00:00+00,OpenAI 推出 GPT-5.5,0.1617
2484,747,arXiv · cs.LG,2026-04-16 04:00:00+00,面向多智能体交互的概率式责任分配学习,3384,3393,HuggingFace Papers (takara mirror),2026-04-13 21:49:41+00,用于多智能体交互的概率责任分配学习,0.1620
3297,3133,X · @Khazix0918,2026-04-15 03:37:15+00,https://t.co/HYoStio00F,3298,3130,X · @Khazix0918,2026-04-13 05:04:21+00,https://t.co/nnEQCW6HJr,0.1623
1144,967,arXiv · cs.AI,2026-04-15 16:15:25+00,先看后设计：多利益相关方视角下的最优性能-公平权衡,3346,3509,HuggingFace Papers (takara mirror),2026-04-15 16:15:25+00,先看再设计：用多利益相关方视角优化性能-公平权衡,0.1626
3728,6179,TechCrunch AI,2026-02-06 18:46:51+00,Elon Musk 正在改写创始人权力规则,3729,6313,TechCrunch AI,2026-02-06 17:56:42+00,SpaceX 与 xAI 合并后，Elon Musk 会把“万事皆可做”生意推多远？,0.1627
2769,1256,Computing Life (鸭哥 / grapeot),2026-03-16 05:00:00+00,为什么AI只会说正确的废话，以及怎么把它逼出舒适区,2770,1250,Computing Life (鸭哥 / grapeot),2026-03-16 04:00:00+00,为什么 AI 只会给你“正确的废话”，以及怎样把它推出舒适区,0.1634
94,945,OpenAI Blog,2026-04-10 00:00:00+00,OpenAI 回应 Axios 开发者工具被入侵事件,3569,3678,X · @dotey,2026-04-11 02:16:13+00,OpenAI 发布安全公告：Axios 漏洞触发供应链风险，要求 macOS 用户更新应用,0.1635
3245,3175,X · @op7418,2026-04-17 15:08:25+00,之前爆料的 Claude 设计工具上线了,3334,3455,Product Hunt · AI,2026-04-17 15:21:45+00,Anthropic Labs 推出 Claude Design,0.1638
6975,6907,Hacker News Frontpage,2026-04-20 20:35:54+00,Apple CEO Tim Cook 将卸任，John Ternus 接任,7725,7613,Bloomberg Technology,2026-04-20 20:35:01+00,Apple 的 Tim Cook 将把掌舵权交给 John Ternus，结束创纪录任期,0.1639
94,945,OpenAI Blog,2026-04-10 00:00:00+00,OpenAI 回应 Axios 开发者工具被入侵事件,3312,3153,X · @OpenAI,2026-04-11 01:41:32+00,OpenAI：Axios 第三方库安全问题促使 macOS 应用更新认证,0.1642
6441,6354,Hacker News Frontpage,2026-04-19 15:23:39+00,Vercel 称内部系统遭入侵,6587,6723,The Verge · AI,2026-04-19 19:54:52+00,云开发平台 Vercel 遭黑客入侵,0.1649
3021,1599,Bloomberg Technology,2026-04-17 20:33:11+00,AI 芯片公司 Cerebras Systems 再次公开申请在美国 IPO,6383,5356,TechCrunch AI,2026-04-18 19:19:11+00,AI 芯片初创公司 Cerebras 提交 IPO 申请,0.1650
8471,8356,Hacker News Frontpage,2026-04-22 17:47:07+00,ChatGPT 推出工作区代理,8476,8352,X · @OpenAI,2026-04-22 17:45:48+00,ChatGPT 推出 workspace agents，可在工具与团队间共享并处理长流程任务,0.1650
9103,9276,X · @dotey,2026-04-24 03:09:51+00,DeepSeek 发布 V4 系列预览版并开源，1M 上下文成全线标配,9559,9380,r/LocalLLaMA,2026-04-24 05:34:48+00,DeepSeek 发布 V4：1.6T Pro、284B Flash，MIT 许可，1M 上下文,0.1652
8063,8214,The Verge · AI,2026-04-21 13:37:55+00,John Ternus 的第一个大问题是 AI,8396,8242,Bloomberg Technology,2026-04-21 19:52:00+00,Apple CEO 交接：硬件、AI 与中国 | Bloomberg Tech 2026/4/21,0.1654
129,117,OpenAI Blog,2026-04-10 00:00:00+00,用 ChatGPT 进行头脑风暴,131,91,OpenAI Blog,2026-04-10 00:00:00+00,用 ChatGPT 写作,0.1654
54,156,OpenAI Blog,2026-04-10 00:00:00+00,面向销售团队的 ChatGPT,136,152,OpenAI Blog,2026-04-10 00:00:00+00,面向运营团队的 ChatGPT,0.1655
3304,3140,X · @Khazix0918,2026-04-08 13:24:57+00,https://t.co/g9QPxANJPd,3659,4091,X · @Khazix0918,2026-04-07 03:34:53+00,链接标题未披露,0.1655
3300,3137,X · @Khazix0918,2026-04-10 07:38:03+00,https://t.co/Pr4KgEDAAU,3603,3844,X · @dotey,2026-04-08 23:09:35+00,X 链接，标题未披露,0.1658
4,12,Hacker News Frontpage,2026-04-16 17:12:19+00,Codex 覆盖近乎整个软件开发流程,3310,3150,X · @OpenAI,2026-04-16 17:18:10+00,Codex 几乎能处理所有任务,0.1661
6979,6888,r/LocalLLaMA,2026-04-20 20:38:28+00,ubergarm/Kimi-K2.6-GGUF Q4_X 现已可用,7980,7866,r/LocalLLaMA,2026-04-21 19:06:10+00,Kimi K2.6 的 Unsloth GGUF 已发布,0.1663
6173,5796,Bloomberg Technology,2026-02-28 04:14:43+00,OpenAI为五角大楼合作辩护，称安全性高于Anthropic,6177,5794,Bloomberg Technology,2026-02-28 03:12:47+00,OpenAI 与 Pentagon 达成部署 AI 模型协议,0.1665
8539,8589,Financial Times · Technology,2026-04-23 04:00:19+00,高收入者在 AI 使用上领先，职场分化扩大,9142,9005,Financial Times · Technology,2026-04-23 04:00:00+00,AI 数字鸿沟,0.1666
8479,8381,Hacker News Frontpage,2026-04-22 18:04:07+00,OpenAI 面向企业推出 Workspace agents,8625,8473,OpenAI Blog,2026-04-22 10:00:00+00,ChatGPT 推出 workspace agents,0.1671
3303,3139,X · @Khazix0918,2026-04-09 08:16:28+00,链接内容未披露,3659,4091,X · @Khazix0918,2026-04-07 03:34:53+00,链接标题未披露,0.1672
7713,7455,New York Times Chinese,2026-04-21 02:37:02+00,库克将卸任苹果首席执行官,7725,7613,Bloomberg Technology,2026-04-20 20:35:01+00,Apple 的 Tim Cook 将把掌舵权交给 John Ternus，结束创纪录任期,0.1673
2312,675,Bloomberg Technology,2026-04-16 20:38:19+00,Anthropic 的 Mythos 被早期测试者称为强力网络安全工具,3342,3507,Financial Times · Technology,2026-04-18 11:00:09+00,Anthropic 的 Mythos AI 模型测试全球网络防御极限,0.1675
3604,4087,X · @dotey,2026-04-08 18:41:01+00,Anthropic 发布 Claude Managed Agents 托管式 Agent 构建与部署 API，已开放公测,6225,3923,QbitAI (量子位) · WeChat,2026-04-09 04:06:00+00,Claude 推出托管式 Agent 服务，随即遭开源项目 Multica 跟进,0.1679
3617,4230,X · @dotey,2026-04-06 07:31:14+00,仅含 t.co 链接,3659,4091,X · @Khazix0918,2026-04-07 03:34:53+00,链接标题未披露,0.1683
125,151,OpenAI Blog,2026-04-10 00:00:00+00,面向营销团队的 ChatGPT,126,108,OpenAI Blog,2026-04-10 00:00:00+00,面向客户成功团队的 ChatGPT,0.1683
4528,3802,arXiv · cs.CL,2026-04-09 17:48:46+00,极限条件下的差分隐私语言生成与识别,4636,3895,arXiv · cs.CL,2026-04-08 16:04:16+00,语言识别与生成的隐私代价,0.1698
7985,7869,X · @dotey,2026-04-21 19:42:58+00,OpenAI 发布 ChatGPT Images 2.0，今天起向所有 ChatGPT 和 Codex 用户开放,8059,8024,The Verge · AI,2026-04-21 19:00:00+00,OpenAI 更新图像生成器，现可从网络拉取信息,0.1704
9092,8979,X · @Khazix0918,2026-04-23 23:29:33+00,GPT-5.5 上线，OpenAI 重回 SOTA？,9196,9121,OpenAI Blog,2026-04-23 11:00:00+00,OpenAI 推出 GPT-5.5,0.1706
9126,9106,Financial Times · Technology,2026-04-23 21:54:09+00,FirstFT：美国指责中国以“工业规模”窃取 AI 技术,9133,9065,Financial Times · Technology,2026-04-23 14:40:02+00,白宫指责中国以“工业规模”窃取 AI 技术,0.1712
8471,8356,Hacker News Frontpage,2026-04-22 17:47:07+00,ChatGPT 推出工作区代理,8479,8381,Hacker News Frontpage,2026-04-22 18:04:07+00,OpenAI 面向企业推出 Workspace agents,0.1714
8007,7895,X · @dotey,2026-04-21 23:09:10+00,GPT Image 2 提示词：把文章内容转成卡通信息图,8025,7911,X · @dotey,2026-04-22 01:26:37+00,GPT Image 2 提示词：为一个主题生成手绘风信息图卡片,0.1726
126,108,OpenAI Blog,2026-04-10 00:00:00+00,面向客户成功团队的 ChatGPT,136,152,OpenAI Blog,2026-04-10 00:00:00+00,面向运营团队的 ChatGPT,0.1726
127,89,OpenAI Blog,2026-04-10 00:00:00+00,用 ChatGPT 做研究,133,119,OpenAI Blog,2026-04-10 00:00:00+00,用于研究的 ChatGPT,0.1731
91,172,The Verge · AI,2026-04-16 13:07:09+00,Canva 的 AI 2.0 更新全面转向提示词驱动设计工具,2986,1407,Product Hunt · AI,2026-04-17 04:47:46+00,Canva AI 2.0,0.1732
2384,721,arXiv · cs.LG,2026-04-16 04:00:00+00,用于多预测步时间序列的偏差校正自适应保形推断,7765,7517,HuggingFace Papers (takara mirror),2026-04-14 19:33:59+00,用于多步时间序列预测的偏差校正自适应保形推断,0.1734
8431,8318,r/LocalLLaMA,2026-04-22 13:09:55+00,Qwen 3.6 27B 已发布,8436,8302,r/LocalLLaMA,2026-04-22 13:12:23+00,Qwen3.6-27B,0.1735
7993,7905,X · @OpenAI,2026-04-21 20:44:49+00,ChatGPT Images 2.0 为何被称为最先进图像生成模型？,8048,8036,TechCrunch AI,2026-04-21 19:00:00+00,ChatGPT 新版 Images 2.0 模型生成文字的能力出人意料地强,0.1737
8010,7892,Hacker News Frontpage,2026-04-21 22:36:24+00,Claude Code 不再包含在 Pro 层级中,8013,7902,X · @dotey,2026-04-21 23:21:26+00,Anthropic 在定价页移除 Claude Code 的 Pro 套餐包含项，未发公告,0.1740
9,17,Hacker News Frontpage,2026-04-16 14:23:50+00,发布 Claude Opus 4.7,2703,525,Latent Space,2026-04-17 01:36:17+00,[AINews] Anthropic Claude Opus 4.7：各维度都比 4.6 高一档,0.1743
8436,8302,r/LocalLLaMA,2026-04-22 13:12:23+00,Qwen3.6-27B,8437,8305,r/LocalLLaMA,2026-04-22 13:14:48+00,Qwen3.6-27B 已发布,0.1744
2301,412,Bloomberg Technology,2026-04-16 20:03:30+00,Netflix 业绩预期未达标，Reed Hastings 卸任,2334,401,Financial Times · Technology,2026-04-16 20:37:08+00,Netflix 创始人 Reed Hastings 将退出董事会,0.1748
2845,688,Hacker News Frontpage,2026-04-17 15:04:09+00,Anthropic Labs 推出 Claude Design,3250,3183,X · @claudeai,2026-04-17 15:03:46+00,Anthropic Labs 推出 Claude Design：用对话生成原型、幻灯片和单页文档,0.1749
8007,7895,X · @dotey,2026-04-21 23:09:10+00,GPT Image 2 提示词：把文章内容转成卡通信息图,8024,7913,X · @dotey,2026-04-22 01:36:40+00,GPT Image 2 提示词：手绘风格信息图卡片模板，主题可替换,0.1752
8450,8336,r/LocalLLaMA,2026-04-22 14:18:25+00,Qwen3.6-27B 的 GGUF 版本已上线,8455,8331,r/LocalLLaMA,2026-04-22 15:11:04+00,Qwen 3.6 27B 的 Unsloth GGUF 已发布,0.1755
7976,7857,X · @OpenAI,2026-04-21 19:01:42+00,用 ChatGPT Images 2.0 制作,7993,7905,X · @OpenAI,2026-04-21 20:44:49+00,ChatGPT Images 2.0 为何被称为最先进图像生成模型？,0.1755
9066,8947,X · @claudeai,2026-04-23 18:35:02+00,Claude 现可连接更多工作外应用，包括 Tripadvisor、Booking.com、Resy 等,9177,9011,The Verge · AI,2026-04-23 22:27:11+00,Claude 现可直接连接 Spotify、Uber Eats 和 TurboTax 等个人应用,0.1757
7061,7034,Financial Times · Technology,2026-04-21 00:41:38+00,Anthropic 与 Amazon 达成 1000 亿美元 AI 基础设施协议,7947,7801,Hacker News Frontpage,2026-04-21 13:08:25+00,Anthropic 获 Amazon 50亿美元投资，并承诺 10 年内在 AWS 支出超 1000 亿美元,0.1758
3540,3686,X · @dotey,2026-04-14 16:53:28+00,Claude Code 新增 Routines 功能，可按触发条件自动执行任务,3754,3497,X · @op7418,2026-04-14 17:34:46+00,Claude Code 新发布的 routines 功能很强,0.1759
125,151,OpenAI Blog,2026-04-10 00:00:00+00,面向营销团队的 ChatGPT,136,152,OpenAI Blog,2026-04-10 00:00:00+00,面向运营团队的 ChatGPT,0.1764
3027,1367,Bloomberg Technology,2026-04-17 19:56:20+00,Netflix 因业绩预期后下跌；Reed Hastings 退出 | Bloomberg Tech 2026/4/17,3035,1387,Bloomberg Technology,2026-04-17 17:54:49+00,Netflix股价因疲弱业绩指引下跌；Hastings卸任,0.1765
3856,6042,MIT Technology Review,2026-01-12 13:10:00+00,The Download：公布今年的 10 项突破性技术,3858,6157,MIT Technology Review,2026-01-12 11:15:00+00,2026 年 10 项突破性技术,0.1767
8088,8195,Financial Times · Technology,2026-04-21 23:56:26+00,Anthropic 调查强大 Mythos AI 模型的未授权访问,8609,8744,The Verge · AI,2026-04-22 09:18:40+00,Anthropic 最危险的 AI 模型落入未授权用户手中,0.1768
3304,3140,X · @Khazix0918,2026-04-08 13:24:57+00,https://t.co/g9QPxANJPd,3603,3844,X · @dotey,2026-04-08 23:09:35+00,X 链接，标题未披露,0.1770
57,128,OpenAI Blog,2026-04-10 00:00:00+00,面向财务团队的 ChatGPT,125,151,OpenAI Blog,2026-04-10 00:00:00+00,面向营销团队的 ChatGPT,0.1770
6291,6246,Computing Life (鸭哥 / grapeot),2026-02-03 04:00:00+00,告别教程思维：为什么 AI 教育不应局限于内容创作，而应引入工程基建,6292,6203,Computing Life (鸭哥 / grapeot),2026-02-03 03:00:00+00,为什么 AI 教育应从内容创作走向工程基础设施,0.1771
7723,7597,Bloomberg Technology,2026-04-21 01:16:45+00,Technalysis：Apple 领导层交接将平稳过渡,7852,7774,Financial Times · Technology,2026-04-21 08:45:31+00,Apple 下一任掌门人 Ternus 面临 AI 关键考验,0.1772
8000,7900,Hacker News Frontpage,2026-04-21 21:03:04+00,Anthropic 将 Claude Code 移出 Pro 计划,8018,7914,Hacker News Frontpage,2026-04-21 22:56:09+00,Anthropic 将 Claude Code 从面向新用户的 20 美元 Pro 订阅中移除,0.1772
2673,978,HuggingFace Papers (takara mirror),2026-04-15 13:07:11+00,通过因果分解提升大语言模型奖励建模的鲁棒性,4102,3602,arXiv · cs.CL,2026-04-15 13:07:11+00,通过因果分解实现面向大语言模型的鲁棒奖励建模,0.1775
9114,8995,r/LocalLLaMA,2026-04-24 03:05:20+00,DeepSeek V4 要来了,9625,9505,r/LocalLLaMA,2026-04-24 18:50:27+00,DeepSeek V4 被称为 AGI 已确认,0.1776
3999,5483,MIT Technology Review,2026-03-20 13:15:45+00,The Download：OpenAI 正在构建全自动研究员，及迷幻药试验盲点,4000,5418,MIT Technology Review,2026-03-20 11:57:16+00,OpenAI把“全自动研究员”定为未来数年的核心目标,0.1777
9076,8986,Hacker News Frontpage,2026-04-23 18:55:32+00,"Meta 将裁员 10%，约 8,000 人",9129,9370,Financial Times · Technology,2026-04-23 19:59:59+00,Meta裁员10%以对冲 Zuckerberg 的 AI 支出,0.1777
2415,753,arXiv · cs.LG,2026-04-16 04:00:00+00,用于强化学习的 LLM 不确定奖励链,4129,3352,arXiv · cs.CL,2026-04-15 05:44:14+00,用于强化学习的 LLM 不确定奖励链 CoUR,0.1779
9129,9370,Financial Times · Technology,2026-04-23 19:59:59+00,Meta裁员10%以对冲 Zuckerberg 的 AI 支出,9157,9403,The Verge · AI,2026-04-23 19:41:07+00,Meta 将裁员 10% 员工,0.1779
8010,7892,Hacker News Frontpage,2026-04-21 22:36:24+00,Claude Code 不再包含在 Pro 层级中,8018,7914,Hacker News Frontpage,2026-04-21 22:56:09+00,Anthropic 将 Claude Code 从面向新用户的 20 美元 Pro 订阅中移除,0.1783
2408,752,arXiv · cs.LG,2026-04-16 04:00:00+00,用于工业剩余寿命预测的非对称损失引导混合 CNN-BiLSTM-Attention 模型与可解释失效热力图,6861,6623,HuggingFace Papers (takara mirror),2026-04-15 04:25:38+00,用于工业 RUL 预测并生成可解释失效热力图的非对称损失混合 CNN-BiLSTM-Attention 模型,0.1798
3664,4347,X · @Khazix0918,2026-04-03 03:15:29+00,https://t.co/IGngMfEfWf,3822,4553,X · @op7418,2026-04-01 10:37:17+00,链接内容未披露,0.1801
3902,6099,MIT Technology Review,2026-02-04 13:10:00+00,The Download：下一代核电站前景，与社交媒体推高的 AI 狂热,3913,5932,MIT Technology Review,2026-02-05 13:10:00+00,The Download：追踪 AI 的尝试，与下一代核电,0.1803
7940,7834,Hacker News Frontpage,2026-04-21 11:30:03+00,Tim Cook 的时机把握近乎无可挑剔,8439,8321,Hacker News Frontpage,2026-04-21 20:52:19+00,又一天到来了,0.1804
127,89,OpenAI Blog,2026-04-10 00:00:00+00,用 ChatGPT 做研究,131,91,OpenAI Blog,2026-04-10 00:00:00+00,用 ChatGPT 写作,0.1806
2355,1154,Sinocism (Bill Bishop),2026-04-08 22:04:16+00,伊朗战争；解放军整肃；服务业会议；变异中的水军；AI token 使用量,2356,1231,Sinocism (Bill Bishop),2026-04-07 22:26:22+00,伊朗战争；马兴瑞；产业与供应链安全；解放军政治整训；国安部警告外国晚宴宾客,0.1808
3339,3253,Bloomberg Technology,2026-04-18 08:12:51+00,Alex Imas 谈经济学家为何可能看错 AI,3340,3228,Bloomberg Technology,2026-04-18 08:00:08+00,Alex Imas 谈经济学家为何可能误判 AI 与就业,0.1809
8059,8024,The Verge · AI,2026-04-21 19:00:00+00,OpenAI 更新图像生成器，现可从网络拉取信息,8538,8557,OpenAI Blog,2026-04-21 12:00:00+00,推出 ChatGPT Images 2.0,0.1815
7909,7899,New York Times Chinese,2026-04-21 05:07:01+00,接管苹果帝国的特纳斯是谁？,7923,7767,Bloomberg Technology,2026-04-21 06:36:30+00,Apple押注新任CEO John Ternus重拾乔布斯时代的决断力,0.1817
3637,4523,X · @dotey,2026-04-02 17:06:19+00,Google 发布 Gemma 4 开源模型家族，改用 Apache 2.0 许可,3809,4624,X · @op7418,2026-04-03 02:18:10+00,Google 发布 Gemma 4，主打本地设备与 Apache 2.0 开源,0.1817
3303,3139,X · @Khazix0918,2026-04-09 08:16:28+00,链接内容未披露,3304,3140,X · @Khazix0918,2026-04-08 13:24:57+00,https://t.co/g9QPxANJPd,0.1825
7723,7597,Bloomberg Technology,2026-04-21 01:16:45+00,Technalysis：Apple 领导层交接将平稳过渡,8396,8242,Bloomberg Technology,2026-04-21 19:52:00+00,Apple CEO 交接：硬件、AI 与中国 | Bloomberg Tech 2026/4/21,0.1828
5043,5925,36Kr (direct RSS),2026-02-10 07:04:16+00,工信部等5部门：到2027年全国低空公共航路地面移动通信网络覆盖率不低于90%,5218,5858,36Kr (direct RSS),2026-02-10 07:04:00+00,工信部等5部门：按需推进低空场景通信网络覆盖,0.1832
2492,818,arXiv · cs.LG,2026-04-16 04:00:00+00,规模变大后有好有坏：上下文趋同如何随模型尺寸分化,4144,3728,arXiv · cs.CL,2026-04-14 20:12:05+00,规模变大后有好有坏：模型尺寸如何让语境牵引分化,0.1839
9084,8967,Hacker News Frontpage,2026-04-23 20:54:22+00,Microsoft 向最多 7% 美国员工提供买断方案,9132,9056,Financial Times · Technology,2026-04-23 16:56:18+00,Microsoft 首次向美国 7% 员工提供自愿离职方案,0.1840
57,128,OpenAI Blog,2026-04-10 00:00:00+00,面向财务团队的 ChatGPT,126,108,OpenAI Blog,2026-04-10 00:00:00+00,面向客户成功团队的 ChatGPT,0.1841
9113,8989,r/LocalLLaMA,2026-04-24 03:14:12+00,DeepSeek V4 已发布,9119,9381,Hacker News Frontpage,2026-04-24 03:01:21+00,DeepSeek v4,0.1847
3976,5702,MIT Technology Review,2026-03-02 17:29:42+00,OpenAI 与五角大楼的“折中”，正是 Anthropic 担心的结果,6177,5794,Bloomberg Technology,2026-02-28 03:12:47+00,OpenAI 与 Pentagon 达成部署 AI 模型协议,0.1849
3788,4160,X · @op7418,2026-04-07 05:16:16+00,CodePilot 终于彻底解耦了,3793,4237,X · @op7418,2026-04-06 02:18:38+00,Codepilot 接下来也要准备脱离 Claude Code 了,0.1852
3018,2147,Bloomberg Technology,2026-04-17 17:47:13+00,Anthropic 与特朗普官员会面讨论 Mythos 访问权限,3102,1952,Financial Times · Technology,2026-04-17 22:10:14+00,Anthropic CEO 会见白宫幕僚长，美国寻求接触 Mythos 模型,0.1853
8024,7913,X · @dotey,2026-04-22 01:36:40+00,GPT Image 2 提示词：手绘风格信息图卡片模板，主题可替换,9099,8983,X · @dotey,2026-04-24 01:51:44+00,GPT Image 2 提示词：单页手绘教育信息图,0.1855
8044,8025,TechCrunch AI,2026-04-21 23:26:45+00,报告称未授权团体已获取 Anthropic 专属网络工具 Mythos,8088,8195,Financial Times · Technology,2026-04-21 23:56:26+00,Anthropic 调查强大 Mythos AI 模型的未授权访问,0.1856
9114,8995,r/LocalLLaMA,2026-04-24 03:05:20+00,DeepSeek V4 要来了,9558,9335,r/LocalLLaMA,2026-04-24 06:06:53+00,DeepSeek v4 people,0.1861
3252,3238,X · @claudeai,2026-04-14 19:11:40+00,Claude Code 桌面版重新设计，支持单窗口并行多会话,3531,3303,X · @dotey,2026-04-14 20:08:53+00,Anthropic 的 Anthony Morris 称 Claude Code 桌面端已完成底层重构,0.1866
7723,7597,Bloomberg Technology,2026-04-21 01:16:45+00,Technalysis：Apple 领导层交接将平稳过渡,8403,8193,Bloomberg Technology,2026-04-21 18:25:49+00,Apple新任CEO能交付吗？,0.1867
53,143,OpenAI Blog,2026-04-10 00:00:00+00,用 ChatGPT 创建图像,131,91,OpenAI Blog,2026-04-10 00:00:00+00,用 ChatGPT 写作,0.1870
7736,7543,Bloomberg Technology,2026-04-20 20:32:30+00,Google 将发布新 AI 芯片，挑战 Nvidia｜Bloomberg Tech 2026/4/20,8601,8459,TechCrunch AI,2026-04-22 18:39:27+00,Google Cloud 推出两款新 AI 芯片，与 Nvidia 竞争,0.1871
66,85,TechCrunch AI,2026-04-16 17:00:00+00,Google 现允许在 AI Mode 中并排浏览网页,85,113,The Verge · AI,2026-04-16 17:00:00+00,Google 更新 AI Mode，可在不离开页面时打开链接,0.1873
8460,8346,r/LocalLLaMA,2026-04-22 16:31:33+00,小米发布 Mimo-V2.5，标题称当天是开放权重发布大日子,8462,8338,r/LocalLLaMA,2026-04-22 16:30:47+00,MiMo-V2.5 已发布,0.1874
3254,3182,X · @claudeai,2026-04-14 16:47:00+00,Claude Code 现已研究预览支持 routines,3540,3686,X · @dotey,2026-04-14 16:53:28+00,Claude Code 新增 Routines 功能，可按触发条件自动执行任务,0.1878
8431,8318,r/LocalLLaMA,2026-04-22 13:09:55+00,Qwen 3.6 27B 已发布,8455,8331,r/LocalLLaMA,2026-04-22 15:11:04+00,Qwen 3.6 27B 的 Unsloth GGUF 已发布,0.1879
2609,666,arXiv · cs.LG,2026-04-16 04:00:00+00,重新思考大语言模型的 on-policy 蒸馏：现象、机制与方法,4154,3821,arXiv · cs.CL,2026-04-14 17:54:28+00,重新思考大语言模型的 on-policy 蒸馏：现象、机制与方法,0.1880
2859,3315,r/LocalLLaMA,2026-04-17 17:43:31+00,Qwen 3.6-35B-A3B 在双 5060 Ti 上配合 --cpu-moe 跑到 21.7 tok/s，90K 上下文，并对比 dense 3.5 与 Coder 版,3144,3105,r/LocalLLaMA,2026-04-18 07:40:20+00,RTX 5070 Ti + 9800X3D 在 128K 上下文下跑 Qwen3.6-35B-A3B 达 79 t/s，--n-cpu-moe 参数最关键,0.1881
7854,7695,AI Chat-Group Daily (群聊日报),2026-04-19 04:00:00+00,2026-04-19 群聊日报,8301,8255,AI Chat-Group Daily (群聊日报),2026-04-20 04:00:00+00,2026-04-20 群聊日报,0.1881
8437,8305,r/LocalLLaMA,2026-04-22 13:14:48+00,Qwen3.6-27B 已发布,9022,8892,r/LocalLLaMA,2026-04-23 10:10:48+00,Qwen 3.6 27B 被 Reddit 用户称为“很猛”,0.1882
3666,4512,X · @Khazix0918,2026-04-02 04:05:01+00,https://t.co/uasp1iDhXr,3667,4548,X · @Khazix0918,2026-04-01 09:32:16+00,链接占位，正文未披露,0.1883
9107,9398,X · @Yuchenj_UW,2026-04-24 03:12:55+00,DeepSeek V4 发布,9559,9380,r/LocalLLaMA,2026-04-24 05:34:48+00,DeepSeek 发布 V4：1.6T Pro、284B Flash，MIT 许可，1M 上下文,0.1883
7685,7542,Bloomberg Technology,2026-04-20 20:41:03+00,Amazon 向 Anthropic 追加投资 50 亿美元,7947,7801,Hacker News Frontpage,2026-04-21 13:08:25+00,Anthropic 获 Amazon 50亿美元投资，并承诺 10 年内在 AWS 支出超 1000 亿美元,0.1884
207,1336,OpenAI Blog,2026-02-09 11:00:00+00,将 ChatGPT 引入 GenAI.mil,5529,5957,36Kr (direct RSS),2026-02-10 06:36:45+00,OpenAI 将 ChatGPT 集成至美国国防部生成式 AI 平台,0.1889
7420,7268,arXiv · cs.LG,2026-04-21 04:00:00+00,对称性为变分推断中的统计量恢复提供保证,9265,9038,arXiv · cs.LG,2026-04-24 04:00:00+00,对称性条件下变分推断的更多保证,0.1890
9022,8892,r/LocalLLaMA,2026-04-23 10:10:48+00,Qwen 3.6 27B 被 Reddit 用户称为“很猛”,9122,9044,r/LocalLLaMA,2026-04-24 00:18:42+00,Qwen3.6 27B 真的很强吗？,0.1901
55,110,OpenAI Blog,2026-04-10 00:00:00+00,用 ChatGPT 分析数据,131,91,OpenAI Blog,2026-04-10 00:00:00+00,用 ChatGPT 写作,0.1908
6441,6354,Hacker News Frontpage,2026-04-19 15:23:39+00,Vercel 称内部系统遭入侵,6449,6351,X · @Yuchenj_UW,2026-04-19 17:14:54+00,Vercel 被攻破？,0.1912
8389,8146,Bloomberg Technology,2026-04-21 21:41:21+00,Anthropic 的 Mythos 模型被未授权用户访问,9158,9444,The Verge · AI,2026-04-23 18:24:56+00,Anthropic 的 Mythos 泄露事件很难堪,0.1918
2459,933,arXiv · cs.LG,2026-04-16 04:00:00+00,参数重要性并非静态：用于监督微调的演化式参数隔离,4090,3376,arXiv · cs.CL,2026-04-15 15:55:38+00,参数重要性不是静态的：用于监督微调的演化参数隔离,0.1920
8995,8765,Bloomberg Technology,2026-04-22 20:55:08+00,Jefferies 的 Thill：AI 是 IBM 面临的最大问题,8998,8807,Bloomberg Technology,2026-04-22 20:11:35+00,IBM 软件销售符合预期，仍未消除市场对 AI 冲击的担忧,0.1923
9040,8915,r/LocalLLaMA,2026-04-23 14:11:44+00,Qwen3.6–27B 单张 RTX 3090 堆栈：85 TPS、12.5 万上下文、支持视觉,9097,8982,r/LocalLLaMA,2026-04-24 00:38:29+00,Qwen 3.6 27B IQ4_XS 在 RTX 5060 Ti 16GB 上达 22 tok/s，支持 24k 上下文,0.1926
6972,6876,X · @AnthropicAI,2026-04-20 20:38:19+00,Anthropic 扩大与 Amazon 合作，锁定最多 5 吉瓦算力用于训练和部署 Claude,7947,7801,Hacker News Frontpage,2026-04-21 13:08:25+00,Anthropic 获 Amazon 50亿美元投资，并承诺 10 年内在 AWS 支出超 1000 亿美元,0.1927
2719,343,r/LocalLLaMA,2026-04-17 06:56:15+00,对 Qwen 和 Gemma 的看法,2725,361,r/LocalLLaMA,2026-04-17 11:16:12+00,Qwen3.6 变笨了，还是 Gemma4 太强了？,0.1930
2046,1800,TechCrunch AI,2026-04-16 20:41:13+00,报道称 Upscale AI 正洽谈按 20 亿美元估值融资,2316,920,Bloomberg Technology,2026-04-16 19:32:33+00,Tiger Global 支持的 Upscale AI 洽谈以 20 亿美元估值融资,0.1930
8013,7902,X · @dotey,2026-04-21 23:21:26+00,Anthropic 在定价页移除 Claude Code 的 Pro 套餐包含项，未发公告,8018,7914,Hacker News Frontpage,2026-04-21 22:56:09+00,Anthropic 将 Claude Code 从面向新用户的 20 美元 Pro 订阅中移除,0.1932
6145,5949,Bloomberg Technology,2026-01-29 22:06:53+00,Apple iPhone 17 需求激增，营收增长16%,6148,5948,Bloomberg Technology,2026-01-29 21:54:49+00,Apple 销售超预期，iPhone 拉动季度营收创纪录,0.1936
2671,870,HuggingFace Papers (takara mirror),2026-04-15 13:17:36+00,超越静态人格：面向大语言模型的情境化人格引导,4101,3458,arXiv · cs.CL,2026-04-15 13:17:36+00,超越静态人格：面向大语言模型的情境人格引导,0.1936
3604,4087,X · @dotey,2026-04-08 18:41:01+00,Anthropic 发布 Claude Managed Agents 托管式 Agent 构建与部署 API，已开放公测,3833,3943,X · @claudeai,2026-04-08 17:14:32+00,推出 Claude Managed Agents：构建并大规模部署 agents 所需的一切,0.1940
2463,840,arXiv · cs.LG,2026-04-16 04:00:00+00,First-See-Then-Design：面向最优性能—公平性权衡的多利益相关者视角,3346,3509,HuggingFace Papers (takara mirror),2026-04-15 16:15:25+00,先看再设计：用多利益相关方视角优化性能-公平权衡,0.1944
6431,6333,r/LocalLLaMA,2026-04-19 14:01:39+00,RTX PRO 5000 48GB 对比 MacBook Pro M5 Max 128GB：微调与代理式编程怎么选,6900,6775,r/LocalLLaMA,2026-04-20 06:36:29+00,用于编程结对的本地 LLM 配置：GPU 还是 MacBook Pro？,0.1944
7030,7161,TechCrunch AI,2026-04-20 23:10:27+00,Anthropic 获得 Amazon 50亿美元投资，并承诺向 AWS 支出1000亿美元,7061,7034,Financial Times · Technology,2026-04-21 00:41:38+00,Anthropic 与 Amazon 达成 1000 亿美元 AI 基础设施协议,0.1945
7736,7543,Bloomberg Technology,2026-04-20 20:32:30+00,Google 将发布新 AI 芯片，挑战 Nvidia｜Bloomberg Tech 2026/4/20,7742,7452,Bloomberg Technology,2026-04-20 18:10:15+00,Google 将发布新一代面向推理的 TPU 芯片,0.1946
3598,4224,X · @dotey,2026-04-09 18:12:30+00,OpenAI 调整订阅体系，新增 100 美元/月 Pro 档位,3776,3760,X · @op7418,2026-04-10 02:20:49+00,OpenAI 推出 100 美元 Pro 会员,0.1951
8434,8322,Hacker News Frontpage,2026-04-22 12:15:29+00,Google 第八代 TPU：面向 agentic 时代的两款芯片,8442,8310,Hacker News Frontpage,2026-04-22 12:28:00+00,第八代 TPU 架构深度解析,0.1952
2905,1453,36Kr (direct RSS),2026-04-18 01:48:06+00,Sora负责人离职,2955,2598,The Verge · AI,2026-04-17 21:13:25+00,OpenAI 前 Sora 负责人离职,0.1953
3567,3707,X · @dotey,2026-04-11 03:22:33+00,Anthropic 发布 Claude Managed Agents 公测，Michael Cohen 解释如何安全管理 Agent 的第三方密钥,3604,4087,X · @dotey,2026-04-08 18:41:01+00,Anthropic 发布 Claude Managed Agents 托管式 Agent 构建与部署 API，已开放公测,0.1954
3247,3148,X · @op7418,2026-04-17 02:44:35+00,Seedance 2.0 API 已全量开放,3286,3240,X · @dotey,2026-04-17 02:53:55+00,Seedance 2.0 API 已发布，火山引擎与 BytePlus 同步开放调用,0.1956
6150,5970,Bloomberg Technology,2026-01-29 08:41:00+00,IBM 通过跨境债券发行筹资逾70亿美元,6157,5947,Bloomberg Technology,2026-01-29 21:03:15+00,IBM 拉开大型科技公司债券发行序幕,0.1957
95,1349,The Verge · AI,2026-04-15 16:13:30+00,Allbirds 宣布从卖鞋转向 AI，股价上涨 600%,2342,973,Financial Times · Technology,2026-04-15 13:05:14+00,Allbirds 正在转型为 AI 算力提供商，果然如此,0.1960
123,131,OpenAI Blog,2026-04-10 00:00:00+00,面向管理者的 ChatGPT,136,152,OpenAI Blog,2026-04-10 00:00:00+00,面向运营团队的 ChatGPT,0.1964
9107,9398,X · @Yuchenj_UW,2026-04-24 03:12:55+00,DeepSeek V4 发布,9108,9092,X · @op7418,2026-04-24 03:05:32+00,DeepSeek V4 详细官方公告已发布,0.1966
2687,991,HuggingFace Papers (takara mirror),2026-04-15 07:55:41+00,大语言模型中用于战略推理的前瞻性优化,4121,3510,arXiv · cs.CL,2026-04-15 07:55:41+00,用于大语言模型战略推理的前瞻优化,0.1966
8044,8025,TechCrunch AI,2026-04-21 23:26:45+00,报告称未授权团体已获取 Anthropic 专属网络工具 Mythos,9158,9444,The Verge · AI,2026-04-23 18:24:56+00,Anthropic 的 Mythos 泄露事件很难堪,0.1966
9526,9378,Bloomberg Technology,2026-04-23 20:01:59+00,Intel 给出强劲 AI 驱动业绩指引，股价大涨,9528,9361,Bloomberg Technology,2026-04-23 21:18:52+00,Intel 第一季度财报与业绩指引的关键信息,0.1966
8006,7890,X · @dotey,2026-04-21 23:12:18+00,GPT Image 2 提示词：把文章/内容转成黑板粉笔风信息图,9099,8983,X · @dotey,2026-04-24 01:51:44+00,GPT Image 2 提示词：单页手绘教育信息图,0.1968
6152,5961,Bloomberg Technology,2026-01-29 21:17:02+00,硅谷政策论坛将聚焦保持美国在 AI 的领先地位,6162,5946,Bloomberg Technology,2026-01-29 20:00:58+00,Hill & Valley Forum 2026 将聚焦 AI 与政商联盟,0.1969
3245,3175,X · @op7418,2026-04-17 15:08:25+00,之前爆料的 Claude 设计工具上线了,3250,3183,X · @claudeai,2026-04-17 15:03:46+00,Anthropic Labs 推出 Claude Design：用对话生成原型、幻灯片和单页文档,0.1974
7060,6978,Financial Times · Technology,2026-04-21 01:06:38+00,Bezos 的 AI 实验室在融资交易中接近 380 亿美元估值,7722,7525,Bloomberg Technology,2026-04-21 01:29:41+00,FT：Jeff Bezos 接近为其 AI 实验室完成 100 亿美元融资,0.1975
7061,7034,Financial Times · Technology,2026-04-21 00:41:38+00,Anthropic 与 Amazon 达成 1000 亿美元 AI 基础设施协议,7685,7542,Bloomberg Technology,2026-04-20 20:41:03+00,Amazon 向 Anthropic 追加投资 50 亿美元,0.1984
2931,1492,Computing Life · Share (鸭哥 research reports),2026-04-08 00:00:00+00,Claude Managed Agents：Anthropic 想替你管理 agent,3604,4087,X · @dotey,2026-04-08 18:41:01+00,Anthropic 发布 Claude Managed Agents 托管式 Agent 构建与部署 API，已开放公测,0.1987
8495,8379,r/LocalLLaMA,2026-04-22 17:26:19+00,Qwen3.6 27B 的实际速度大家跑到多少？,9097,8982,r/LocalLLaMA,2026-04-24 00:38:29+00,Qwen 3.6 27B IQ4_XS 在 RTX 5060 Ti 16GB 上达 22 tok/s，支持 24k 上下文,0.1990
3858,6157,MIT Technology Review,2026-01-12 11:15:00+00,2026 年 10 项突破性技术,3861,6109,MIT Technology Review,2026-01-12 11:00:00+00,好技术应当改变世界,0.1996